assoc_strength_label,avg_confidence,avg_violation_rate,betweenness,case_inconsistent,check,column,current_dtype,cv,dataset_memory_mb,description,dist_note,dtype,empty_strings,entropy,example_missing_allowed,example_rare_level,example_unexpected,examples,feature,has_range_rule,has_suspect_tokens,has_unexpected_values,high_cardinality,in_degree,in_out_ratio,iqr,is_binary,is_high_card,is_numeric,is_possible_numeric,kurtosis,level,lower_iqr,lowvar_rule,mad,max,max_allowed,max_column_memory_mb,max_cramers_v,max_theils_u,max_violation,max_violation_rate,mean,median,metric,min,min_allowed,min_violation,min_violation_rate,missing_pct,n,n_blank,n_blank_total,n_cols,n_columns,n_empty_strings,n_entries,n_levels,n_levels_actual,n_levels_allowed,n_levels_missing_allowed,n_levels_unexpected,n_missing,n_missing_expected,n_nonnull,n_null,n_numeric_columns,n_outliers_iqr,n_outliers_z,n_range_violations,n_rare_levels,n_rows,n_rows_rare,n_rows_unexpected,n_suspect,n_suspect_tokens,n_total,n_unexpected_values,n_unique,n_violations,n_whitespace,n_whitespace_only,nulls,out_degree,pct_blank,pct_empty_strings,pct_missing,pct_negative,pct_null,pct_outliers_iqr,pct_outliers_z,pct_range_violations,pct_rows_rare,pct_rows_unexpected,pct_suspect,pct_suspect_tokens,pct_unique,pct_violations,pct_whitespace_only,pct_zero,q1,q3,quality_score_max,quality_score_mean,quality_score_min,range_span_ratio,rare_min_count,role,rule,run_ts,section,severity,skew,skew_label,std,suggested_type,threshold,threshold_pct,timestamp,top3_pct,top_count,top_freq,top_level,top_pct,top_value,total_blank,total_empty_strings,total_issues,total_null,total_suspect,total_whitespace_only,upper_iqr,whitespace_issues,whitespace_only,z_max
,,,,,,TotalCharges,,,,,,,0.0,,,,,,,,,,,,,,,,,,,,,,,,,,,,,,,,,,,,,,,,,,,,,,,,,,,,,,,,,,,,,,,,,,,,,,11.0,,0.0,,0.16,,,,,,,,,,,,,,,,,,,,,,missing_null_blank,2025-11-08T13:23:15,2.1_missing_null_blank,,,,,,,,,,,,,,,,,11.0,,,,,,0.0,
,,,,,,customerID,,,,,,,0.0,,,,,,,,,,,,,,,,,,,,,,,,,,,,,,,,,,,,,,,,,,,,,,,,,,,,,,,,,,,,,,,,,,,,,,0.0,,0.0,,0.0,,,,,,,,,,,,,,,,,,,,,,missing_null_blank,2025-11-08T13:23:15,2.1_missing_null_blank,,,,,,,,,,,,,,,,,0.0,,,,,,0.0,
,,,,,,SeniorCitizen,,,,,,,0.0,,,,,,,,,,,,,,,,,,,,,,,,,,,,,,,,,,,,,,,,,,,,,,,,,,,,,,,,,,,,,,,,,,,,,,0.0,,0.0,,0.0,,,,,,,,,,,,,,,,,,,,,,missing_null_blank,2025-11-08T13:23:15,2.1_missing_null_blank,,,,,,,,,,,,,,,,,0.0,,,,,,0.0,
,,,,,,Partner,,,,,,,0.0,,,,,,,,,,,,,,,,,,,,,,,,,,,,,,,,,,,,,,,,,,,,,,,,,,,,,,,,,,,,,,,,,,,,,,0.0,,0.0,,0.0,,,,,,,,,,,,,,,,,,,,,,missing_null_blank,2025-11-08T13:23:15,2.1_missing_null_blank,,,,,,,,,,,,,,,,,0.0,,,,,,0.0,
,,,,,,Dependents,,,,,,,0.0,,,,,,,,,,,,,,,,,,,,,,,,,,,,,,,,,,,,,,,,,,,,,,,,,,,,,,,,,,,,,,,,,,,,,,0.0,,0.0,,0.0,,,,,,,,,,,,,,,,,,,,,,missing_null_blank,2025-11-08T13:23:15,2.1_missing_null_blank,,,,,,,,,,,,,,,,,0.0,,,,,,0.0,
,,,,,,gender,,,,,,,0.0,,,,,,,,,,,,,,,,,,,,,,,,,,,,,,,,,,,,,,,,,,,,,,,,,,,,,,,,,,,,,,,,,,,,,,0.0,,0.0,,0.0,,,,,,,,,,,,,,,,,,,,,,missing_null_blank,2025-11-08T13:23:15,2.1_missing_null_blank,,,,,,,,,,,,,,,,,0.0,,,,,,0.0,
,,,,,,tenure,,,,,,,0.0,,,,,,,,,,,,,,,,,,,,,,,,,,,,,,,,,,,,,,,,,,,,,,,,,,,,,,,,,,,,,,,,,,,,,,0.0,,0.0,,0.0,,,,,,,,,,,,,,,,,,,,,,missing_null_blank,2025-11-08T13:23:15,2.1_missing_null_blank,,,,,,,,,,,,,,,,,0.0,,,,,,0.0,
,,,,,,PhoneService,,,,,,,0.0,,,,,,,,,,,,,,,,,,,,,,,,,,,,,,,,,,,,,,,,,,,,,,,,,,,,,,,,,,,,,,,,,,,,,,0.0,,0.0,,0.0,,,,,,,,,,,,,,,,,,,,,,missing_null_blank,2025-11-08T13:23:15,2.1_missing_null_blank,,,,,,,,,,,,,,,,,0.0,,,,,,0.0,
,,,,,,InternetService,,,,,,,0.0,,,,,,,,,,,,,,,,,,,,,,,,,,,,,,,,,,,,,,,,,,,,,,,,,,,,,,,,,,,,,,,,,,,,,,0.0,,0.0,,0.0,,,,,,,,,,,,,,,,,,,,,,missing_null_blank,2025-11-08T13:23:15,2.1_missing_null_blank,,,,,,,,,,,,,,,,,0.0,,,,,,0.0,
,,,,,,MultipleLines,,,,,,,0.0,,,,,,,,,,,,,,,,,,,,,,,,,,,,,,,,,,,,,,,,,,,,,,,,,,,,,,,,,,,,,,,,,,,,,,0.0,,0.0,,0.0,,,,,,,,,,,,,,,,,,,,,,missing_null_blank,2025-11-08T13:23:15,2.1_missing_null_blank,,,,,,,,,,,,,,,,,0.0,,,,,,0.0,
,,,,,,OnlineBackup,,,,,,,0.0,,,,,,,,,,,,,,,,,,,,,,,,,,,,,,,,,,,,,,,,,,,,,,,,,,,,,,,,,,,,,,,,,,,,,,0.0,,0.0,,0.0,,,,,,,,,,,,,,,,,,,,,,missing_null_blank,2025-11-08T13:23:15,2.1_missing_null_blank,,,,,,,,,,,,,,,,,0.0,,,,,,0.0,
,,,,,,DeviceProtection,,,,,,,0.0,,,,,,,,,,,,,,,,,,,,,,,,,,,,,,,,,,,,,,,,,,,,,,,,,,,,,,,,,,,,,,,,,,,,,,0.0,,0.0,,0.0,,,,,,,,,,,,,,,,,,,,,,missing_null_blank,2025-11-08T13:23:15,2.1_missing_null_blank,,,,,,,,,,,,,,,,,0.0,,,,,,0.0,
,,,,,,TechSupport,,,,,,,0.0,,,,,,,,,,,,,,,,,,,,,,,,,,,,,,,,,,,,,,,,,,,,,,,,,,,,,,,,,,,,,,,,,,,,,,0.0,,0.0,,0.0,,,,,,,,,,,,,,,,,,,,,,missing_null_blank,2025-11-08T13:23:15,2.1_missing_null_blank,,,,,,,,,,,,,,,,,0.0,,,,,,0.0,
,,,,,,OnlineSecurity,,,,,,,0.0,,,,,,,,,,,,,,,,,,,,,,,,,,,,,,,,,,,,,,,,,,,,,,,,,,,,,,,,,,,,,,,,,,,,,,0.0,,0.0,,0.0,,,,,,,,,,,,,,,,,,,,,,missing_null_blank,2025-11-08T13:23:15,2.1_missing_null_blank,,,,,,,,,,,,,,,,,0.0,,,,,,0.0,
,,,,,,StreamingTV,,,,,,,0.0,,,,,,,,,,,,,,,,,,,,,,,,,,,,,,,,,,,,,,,,,,,,,,,,,,,,,,,,,,,,,,,,,,,,,,0.0,,0.0,,0.0,,,,,,,,,,,,,,,,,,,,,,missing_null_blank,2025-11-08T13:23:15,2.1_missing_null_blank,,,,,,,,,,,,,,,,,0.0,,,,,,0.0,
,,,,,,StreamingMovies,,,,,,,0.0,,,,,,,,,,,,,,,,,,,,,,,,,,,,,,,,,,,,,,,,,,,,,,,,,,,,,,,,,,,,,,,,,,,,,,0.0,,0.0,,0.0,,,,,,,,,,,,,,,,,,,,,,missing_null_blank,2025-11-08T13:23:15,2.1_missing_null_blank,,,,,,,,,,,,,,,,,0.0,,,,,,0.0,
,,,,,,PaperlessBilling,,,,,,,0.0,,,,,,,,,,,,,,,,,,,,,,,,,,,,,,,,,,,,,,,,,,,,,,,,,,,,,,,,,,,,,,,,,,,,,,0.0,,0.0,,0.0,,,,,,,,,,,,,,,,,,,,,,missing_null_blank,2025-11-08T13:23:15,2.1_missing_null_blank,,,,,,,,,,,,,,,,,0.0,,,,,,0.0,
,,,,,,Contract,,,,,,,0.0,,,,,,,,,,,,,,,,,,,,,,,,,,,,,,,,,,,,,,,,,,,,,,,,,,,,,,,,,,,,,,,,,,,,,,0.0,,0.0,,0.0,,,,,,,,,,,,,,,,,,,,,,missing_null_blank,2025-11-08T13:23:15,2.1_missing_null_blank,,,,,,,,,,,,,,,,,0.0,,,,,,0.0,
,,,,,,PaymentMethod,,,,,,,0.0,,,,,,,,,,,,,,,,,,,,,,,,,,,,,,,,,,,,,,,,,,,,,,,,,,,,,,,,,,,,,,,,,,,,,,0.0,,0.0,,0.0,,,,,,,,,,,,,,,,,,,,,,missing_null_blank,2025-11-08T13:23:15,2.1_missing_null_blank,,,,,,,,,,,,,,,,,0.0,,,,,,0.0,
,,,,,,MonthlyCharges,,,,,,,0.0,,,,,,,,,,,,,,,,,,,,,,,,,,,,,,,,,,,,,,,,,,,,,,,,,,,,,,,,,,,,,,,,,,,,,,0.0,,0.0,,0.0,,,,,,,,,,,,,,,,,,,,,,missing_null_blank,2025-11-08T13:23:15,2.1_missing_null_blank,,,,,,,,,,,,,,,,,0.0,,,,,,0.0,
,,,,,,Churn,,,,,,,0.0,,,,,,,,,,,,,,,,,,,,,,,,,,,,,,,,,,,,,,,,,,,,,,,,,,,,,,,,,,,,,,,,,,,,,,0.0,,0.0,,0.0,,,,,,,,,,,,,,,,,,,,,,missing_null_blank,2025-11-08T13:23:15,2.1_missing_null_blank,,,,,,,,,,,,,,,,,0.0,,,,,,0.0,
,,,,,,Churn_flag,,,,,,,0.0,,,,,,,,,,,,,,,,,,,,,,,,,,,,,,,,,,,,,,,,,,,,,,,,,,,,,,,,,,,,,,,,,,,,,,0.0,,0.0,,0.0,,,,,,,,,,,,,,,,,,,,,,missing_null_blank,2025-11-08T13:23:15,2.1_missing_null_blank,,,,,,,,,,,,,,,,,0.0,,,,,,0.0,
,,,,,missingness_blank_suspect,TotalCharges,,,,,,float64,,,,,,,,,,,,,,,,,,,,detail,,,,,,,,,,,,,,,,,,,,0.0,,,,,,,,,,,,,,11.0,,,,,,,,,0.0,,,,,,,,,,0.0,,,,0.0016,,,,,,0.0,,,,,,,,,,,,,,,,2.2.5,,,,,,,,2025-11-08 13:25:12.463338,,,,,,,,,,,,,,,,
,,,,,missingness_blank_suspect,customerID,,,,,,object,,,,,,,,,,,,,,,,,,,,detail,,,,,,,,,,,,,,,,,,,,0.0,,,,,,,,,,,,,,0.0,,,,,,,,,0.0,,,,,,,,,,0.0,,,,0.0,,,,,,0.0,,,,,,,,,,,,,,,,2.2.5,,,,,,,,2025-11-08 13:25:12.463338,,,,,,,,,,,,,,,,
,,,,,missingness_blank_suspect,gender,,,,,,object,,,,,,,,,,,,,,,,,,,,detail,,,,,,,,,,,,,,,,,,,,0.0,,,,,,,,,,,,,,0.0,,,,,,,,,0.0,,,,,,,,,,0.0,,,,0.0,,,,,,0.0,,,,,,,,,,,,,,,,2.2.5,,,,,,,,2025-11-08 13:25:12.463338,,,,,,,,,,,,,,,,
,,,,,missingness_blank_suspect,SeniorCitizen,,,,,,int64,,,,,,,,,,,,,,,,,,,,detail,,,,,,,,,,,,,,,,,,,,0.0,,,,,,,,,,,,,,0.0,,,,,,,,,0.0,,,,,,,,,,0.0,,,,0.0,,,,,,0.0,,,,,,,,,,,,,,,,2.2.5,,,,,,,,2025-11-08 13:25:12.463338,,,,,,,,,,,,,,,,
,,,,,missingness_blank_suspect,Partner,,,,,,object,,,,,,,,,,,,,,,,,,,,detail,,,,,,,,,,,,,,,,,,,,0.0,,,,,,,,,,,,,,0.0,,,,,,,,,0.0,,,,,,,,,,0.0,,,,0.0,,,,,,0.0,,,,,,,,,,,,,,,,2.2.5,,,,,,,,2025-11-08 13:25:12.463338,,,,,,,,,,,,,,,,
,,,,,missingness_blank_suspect,Dependents,,,,,,object,,,,,,,,,,,,,,,,,,,,detail,,,,,,,,,,,,,,,,,,,,0.0,,,,,,,,,,,,,,0.0,,,,,,,,,0.0,,,,,,,,,,0.0,,,,0.0,,,,,,0.0,,,,,,,,,,,,,,,,2.2.5,,,,,,,,2025-11-08 13:25:12.463338,,,,,,,,,,,,,,,,
,,,,,missingness_blank_suspect,tenure,,,,,,int64,,,,,,,,,,,,,,,,,,,,detail,,,,,,,,,,,,,,,,,,,,0.0,,,,,,,,,,,,,,0.0,,,,,,,,,0.0,,,,,,,,,,0.0,,,,0.0,,,,,,0.0,,,,,,,,,,,,,,,,2.2.5,,,,,,,,2025-11-08 13:25:12.463338,,,,,,,,,,,,,,,,
,,,,,missingness_blank_suspect,PhoneService,,,,,,object,,,,,,,,,,,,,,,,,,,,detail,,,,,,,,,,,,,,,,,,,,0.0,,,,,,,,,,,,,,0.0,,,,,,,,,0.0,,,,,,,,,,0.0,,,,0.0,,,,,,0.0,,,,,,,,,,,,,,,,2.2.5,,,,,,,,2025-11-08 13:25:12.463338,,,,,,,,,,,,,,,,
,,,,,missingness_blank_suspect,MultipleLines,,,,,,object,,,,,,,,,,,,,,,,,,,,detail,,,,,,,,,,,,,,,,,,,,0.0,,,,,,,,,,,,,,0.0,,,,,,,,,0.0,,,,,,,,,,0.0,,,,0.0,,,,,,0.0,,,,,,,,,,,,,,,,2.2.5,,,,,,,,2025-11-08 13:25:12.463338,,,,,,,,,,,,,,,,
,,,,,missingness_blank_suspect,InternetService,,,,,,object,,,,,,,,,,,,,,,,,,,,detail,,,,,,,,,,,,,,,,,,,,0.0,,,,,,,,,,,,,,0.0,,,,,,,,,0.0,,,,,,,,,,0.0,,,,0.0,,,,,,0.0,,,,,,,,,,,,,,,,2.2.5,,,,,,,,2025-11-08 13:25:12.463338,,,,,,,,,,,,,,,,
,,,,,missingness_blank_suspect,OnlineSecurity,,,,,,object,,,,,,,,,,,,,,,,,,,,detail,,,,,,,,,,,,,,,,,,,,0.0,,,,,,,,,,,,,,0.0,,,,,,,,,0.0,,,,,,,,,,0.0,,,,0.0,,,,,,0.0,,,,,,,,,,,,,,,,2.2.5,,,,,,,,2025-11-08 13:25:12.463338,,,,,,,,,,,,,,,,
,,,,,missingness_blank_suspect,OnlineBackup,,,,,,object,,,,,,,,,,,,,,,,,,,,detail,,,,,,,,,,,,,,,,,,,,0.0,,,,,,,,,,,,,,0.0,,,,,,,,,0.0,,,,,,,,,,0.0,,,,0.0,,,,,,0.0,,,,,,,,,,,,,,,,2.2.5,,,,,,,,2025-11-08 13:25:12.463338,,,,,,,,,,,,,,,,
,,,,,missingness_blank_suspect,DeviceProtection,,,,,,object,,,,,,,,,,,,,,,,,,,,detail,,,,,,,,,,,,,,,,,,,,0.0,,,,,,,,,,,,,,0.0,,,,,,,,,0.0,,,,,,,,,,0.0,,,,0.0,,,,,,0.0,,,,,,,,,,,,,,,,2.2.5,,,,,,,,2025-11-08 13:25:12.463338,,,,,,,,,,,,,,,,
,,,,,missingness_blank_suspect,TechSupport,,,,,,object,,,,,,,,,,,,,,,,,,,,detail,,,,,,,,,,,,,,,,,,,,0.0,,,,,,,,,,,,,,0.0,,,,,,,,,0.0,,,,,,,,,,0.0,,,,0.0,,,,,,0.0,,,,,,,,,,,,,,,,2.2.5,,,,,,,,2025-11-08 13:25:12.463338,,,,,,,,,,,,,,,,
,,,,,missingness_blank_suspect,StreamingTV,,,,,,object,,,,,,,,,,,,,,,,,,,,detail,,,,,,,,,,,,,,,,,,,,0.0,,,,,,,,,,,,,,0.0,,,,,,,,,0.0,,,,,,,,,,0.0,,,,0.0,,,,,,0.0,,,,,,,,,,,,,,,,2.2.5,,,,,,,,2025-11-08 13:25:12.463338,,,,,,,,,,,,,,,,
,,,,,missingness_blank_suspect,StreamingMovies,,,,,,object,,,,,,,,,,,,,,,,,,,,detail,,,,,,,,,,,,,,,,,,,,0.0,,,,,,,,,,,,,,0.0,,,,,,,,,0.0,,,,,,,,,,0.0,,,,0.0,,,,,,0.0,,,,,,,,,,,,,,,,2.2.5,,,,,,,,2025-11-08 13:25:12.463338,,,,,,,,,,,,,,,,
,,,,,missingness_blank_suspect,Contract,,,,,,object,,,,,,,,,,,,,,,,,,,,detail,,,,,,,,,,,,,,,,,,,,0.0,,,,,,,,,,,,,,0.0,,,,,,,,,0.0,,,,,,,,,,0.0,,,,0.0,,,,,,0.0,,,,,,,,,,,,,,,,2.2.5,,,,,,,,2025-11-08 13:25:12.463338,,,,,,,,,,,,,,,,
,,,,,missingness_blank_suspect,PaperlessBilling,,,,,,object,,,,,,,,,,,,,,,,,,,,detail,,,,,,,,,,,,,,,,,,,,0.0,,,,,,,,,,,,,,0.0,,,,,,,,,0.0,,,,,,,,,,0.0,,,,0.0,,,,,,0.0,,,,,,,,,,,,,,,,2.2.5,,,,,,,,2025-11-08 13:25:12.463338,,,,,,,,,,,,,,,,
,,,,,missingness_blank_suspect,PaymentMethod,,,,,,object,,,,,,,,,,,,,,,,,,,,detail,,,,,,,,,,,,,,,,,,,,0.0,,,,,,,,,,,,,,0.0,,,,,,,,,0.0,,,,,,,,,,0.0,,,,0.0,,,,,,0.0,,,,,,,,,,,,,,,,2.2.5,,,,,,,,2025-11-08 13:25:12.463338,,,,,,,,,,,,,,,,
,,,,,missingness_blank_suspect,MonthlyCharges,,,,,,float64,,,,,,,,,,,,,,,,,,,,detail,,,,,,,,,,,,,,,,,,,,0.0,,,,,,,,,,,,,,0.0,,,,,,,,,0.0,,,,,,,,,,0.0,,,,0.0,,,,,,0.0,,,,,,,,,,,,,,,,2.2.5,,,,,,,,2025-11-08 13:25:12.463338,,,,,,,,,,,,,,,,
,,,,,missingness_blank_suspect,Churn,,,,,,category,,,,,,,,,,,,,,,,,,,,detail,,,,,,,,,,,,,,,,,,,,0.0,,,,,,,,,,,,,,0.0,,,,,,,,,0.0,,,,,,,,,,0.0,,,,0.0,,,,,,0.0,,,,,,,,,,,,,,,,2.2.5,,,,,,,,2025-11-08 13:25:12.463338,,,,,,,,,,,,,,,,
,,,,,missingness_blank_suspect,Churn_flag,,,,,,Int8,,,,,,,,,,,,,,,,,,,,detail,,,,,,,,,,,,,,,,,,,,0.0,,,,,,,,,,,,,,0.0,,,,,,,,,0.0,,,,,,,,,,0.0,,,,0.0,,,,,,0.0,,,,,,,,,,,,,,,,2.2.5,,,,,,,,2025-11-08 13:25:12.463338,,,,,,,,,,,,,,,,
,,,,,missingness_summary,,,,,,,,,,,,,,,,,,,,,,,,,,,info,,,,,,,,,,,,,,,,,,,,,,22.0,,,,,,,,,,,,,,,,,,7043.0,,,,,,,,,,,,,,,,,,,,,,,,,,,,,,,,,,,,,,,2.2.5,,,,,,,,2025-11-08 13:25:12.463847,,,,,,,0.0,,,11.0,0.0,,,,,
,,,,,missingness_blank_suspect,TotalCharges,,,,,,float64,,,,,,,,,,,,,,,,,,,,detail,,,,,,,,,,,,,,,,,,,,,,,,0.0,,,,,,,,,,11.0,,,,,,,,,0.0,,,,,,,0.0,,,,0.0,,,0.0016,,,,,,0.0,,,,0.0,,,,,,,,,,,,2.2.5,,,,,,,,2025-11-08 13:26:15.223294,,,,,,,,,,,,,,,,
,,,,,missingness_blank_suspect,customerID,,,,,,object,,,,,,,,,,,,,,,,,,,,detail,,,,,,,,,,,,,,,,,,,,,,,,0.0,,,,,,,,,,0.0,,,,,,,,,0.0,,,,,,,0.0,,,,0.0,,,0.0,,,,,,0.0,,,,0.0,,,,,,,,,,,,2.2.5,,,,,,,,2025-11-08 13:26:15.223294,,,,,,,,,,,,,,,,
,,,,,missingness_blank_suspect,gender,,,,,,object,,,,,,,,,,,,,,,,,,,,detail,,,,,,,,,,,,,,,,,,,,,,,,0.0,,,,,,,,,,0.0,,,,,,,,,0.0,,,,,,,0.0,,,,0.0,,,0.0,,,,,,0.0,,,,0.0,,,,,,,,,,,,2.2.5,,,,,,,,2025-11-08 13:26:15.223294,,,,,,,,,,,,,,,,
,,,,,missingness_blank_suspect,SeniorCitizen,,,,,,int64,,,,,,,,,,,,,,,,,,,,detail,,,,,,,,,,,,,,,,,,,,,,,,0.0,,,,,,,,,,0.0,,,,,,,,,0.0,,,,,,,0.0,,,,0.0,,,0.0,,,,,,0.0,,,,0.0,,,,,,,,,,,,2.2.5,,,,,,,,2025-11-08 13:26:15.223294,,,,,,,,,,,,,,,,
,,,,,missingness_blank_suspect,Partner,,,,,,object,,,,,,,,,,,,,,,,,,,,detail,,,,,,,,,,,,,,,,,,,,,,,,0.0,,,,,,,,,,0.0,,,,,,,,,0.0,,,,,,,0.0,,,,0.0,,,0.0,,,,,,0.0,,,,0.0,,,,,,,,,,,,2.2.5,,,,,,,,2025-11-08 13:26:15.223294,,,,,,,,,,,,,,,,
,,,,,missingness_blank_suspect,Dependents,,,,,,object,,,,,,,,,,,,,,,,,,,,detail,,,,,,,,,,,,,,,,,,,,,,,,0.0,,,,,,,,,,0.0,,,,,,,,,0.0,,,,,,,0.0,,,,0.0,,,0.0,,,,,,0.0,,,,0.0,,,,,,,,,,,,2.2.5,,,,,,,,2025-11-08 13:26:15.223294,,,,,,,,,,,,,,,,
,,,,,missingness_blank_suspect,tenure,,,,,,int64,,,,,,,,,,,,,,,,,,,,detail,,,,,,,,,,,,,,,,,,,,,,,,0.0,,,,,,,,,,0.0,,,,,,,,,0.0,,,,,,,0.0,,,,0.0,,,0.0,,,,,,0.0,,,,0.0,,,,,,,,,,,,2.2.5,,,,,,,,2025-11-08 13:26:15.223294,,,,,,,,,,,,,,,,
,,,,,missingness_blank_suspect,PhoneService,,,,,,object,,,,,,,,,,,,,,,,,,,,detail,,,,,,,,,,,,,,,,,,,,,,,,0.0,,,,,,,,,,0.0,,,,,,,,,0.0,,,,,,,0.0,,,,0.0,,,0.0,,,,,,0.0,,,,0.0,,,,,,,,,,,,2.2.5,,,,,,,,2025-11-08 13:26:15.223294,,,,,,,,,,,,,,,,
,,,,,missingness_blank_suspect,MultipleLines,,,,,,object,,,,,,,,,,,,,,,,,,,,detail,,,,,,,,,,,,,,,,,,,,,,,,0.0,,,,,,,,,,0.0,,,,,,,,,0.0,,,,,,,0.0,,,,0.0,,,0.0,,,,,,0.0,,,,0.0,,,,,,,,,,,,2.2.5,,,,,,,,2025-11-08 13:26:15.223294,,,,,,,,,,,,,,,,
,,,,,missingness_blank_suspect,InternetService,,,,,,object,,,,,,,,,,,,,,,,,,,,detail,,,,,,,,,,,,,,,,,,,,,,,,0.0,,,,,,,,,,0.0,,,,,,,,,0.0,,,,,,,0.0,,,,0.0,,,0.0,,,,,,0.0,,,,0.0,,,,,,,,,,,,2.2.5,,,,,,,,2025-11-08 13:26:15.223294,,,,,,,,,,,,,,,,
,,,,,missingness_blank_suspect,OnlineSecurity,,,,,,object,,,,,,,,,,,,,,,,,,,,detail,,,,,,,,,,,,,,,,,,,,,,,,0.0,,,,,,,,,,0.0,,,,,,,,,0.0,,,,,,,0.0,,,,0.0,,,0.0,,,,,,0.0,,,,0.0,,,,,,,,,,,,2.2.5,,,,,,,,2025-11-08 13:26:15.223294,,,,,,,,,,,,,,,,
,,,,,missingness_blank_suspect,OnlineBackup,,,,,,object,,,,,,,,,,,,,,,,,,,,detail,,,,,,,,,,,,,,,,,,,,,,,,0.0,,,,,,,,,,0.0,,,,,,,,,0.0,,,,,,,0.0,,,,0.0,,,0.0,,,,,,0.0,,,,0.0,,,,,,,,,,,,2.2.5,,,,,,,,2025-11-08 13:26:15.223294,,,,,,,,,,,,,,,,
,,,,,missingness_blank_suspect,DeviceProtection,,,,,,object,,,,,,,,,,,,,,,,,,,,detail,,,,,,,,,,,,,,,,,,,,,,,,0.0,,,,,,,,,,0.0,,,,,,,,,0.0,,,,,,,0.0,,,,0.0,,,0.0,,,,,,0.0,,,,0.0,,,,,,,,,,,,2.2.5,,,,,,,,2025-11-08 13:26:15.223294,,,,,,,,,,,,,,,,
,,,,,missingness_blank_suspect,TechSupport,,,,,,object,,,,,,,,,,,,,,,,,,,,detail,,,,,,,,,,,,,,,,,,,,,,,,0.0,,,,,,,,,,0.0,,,,,,,,,0.0,,,,,,,0.0,,,,0.0,,,0.0,,,,,,0.0,,,,0.0,,,,,,,,,,,,2.2.5,,,,,,,,2025-11-08 13:26:15.223294,,,,,,,,,,,,,,,,
,,,,,missingness_blank_suspect,StreamingTV,,,,,,object,,,,,,,,,,,,,,,,,,,,detail,,,,,,,,,,,,,,,,,,,,,,,,0.0,,,,,,,,,,0.0,,,,,,,,,0.0,,,,,,,0.0,,,,0.0,,,0.0,,,,,,0.0,,,,0.0,,,,,,,,,,,,2.2.5,,,,,,,,2025-11-08 13:26:15.223294,,,,,,,,,,,,,,,,
,,,,,missingness_blank_suspect,StreamingMovies,,,,,,object,,,,,,,,,,,,,,,,,,,,detail,,,,,,,,,,,,,,,,,,,,,,,,0.0,,,,,,,,,,0.0,,,,,,,,,0.0,,,,,,,0.0,,,,0.0,,,0.0,,,,,,0.0,,,,0.0,,,,,,,,,,,,2.2.5,,,,,,,,2025-11-08 13:26:15.223294,,,,,,,,,,,,,,,,
,,,,,missingness_blank_suspect,Contract,,,,,,object,,,,,,,,,,,,,,,,,,,,detail,,,,,,,,,,,,,,,,,,,,,,,,0.0,,,,,,,,,,0.0,,,,,,,,,0.0,,,,,,,0.0,,,,0.0,,,0.0,,,,,,0.0,,,,0.0,,,,,,,,,,,,2.2.5,,,,,,,,2025-11-08 13:26:15.223294,,,,,,,,,,,,,,,,
,,,,,missingness_blank_suspect,PaperlessBilling,,,,,,object,,,,,,,,,,,,,,,,,,,,detail,,,,,,,,,,,,,,,,,,,,,,,,0.0,,,,,,,,,,0.0,,,,,,,,,0.0,,,,,,,0.0,,,,0.0,,,0.0,,,,,,0.0,,,,0.0,,,,,,,,,,,,2.2.5,,,,,,,,2025-11-08 13:26:15.223294,,,,,,,,,,,,,,,,
,,,,,missingness_blank_suspect,PaymentMethod,,,,,,object,,,,,,,,,,,,,,,,,,,,detail,,,,,,,,,,,,,,,,,,,,,,,,0.0,,,,,,,,,,0.0,,,,,,,,,0.0,,,,,,,0.0,,,,0.0,,,0.0,,,,,,0.0,,,,0.0,,,,,,,,,,,,2.2.5,,,,,,,,2025-11-08 13:26:15.223294,,,,,,,,,,,,,,,,
,,,,,missingness_blank_suspect,MonthlyCharges,,,,,,float64,,,,,,,,,,,,,,,,,,,,detail,,,,,,,,,,,,,,,,,,,,,,,,0.0,,,,,,,,,,0.0,,,,,,,,,0.0,,,,,,,0.0,,,,0.0,,,0.0,,,,,,0.0,,,,0.0,,,,,,,,,,,,2.2.5,,,,,,,,2025-11-08 13:26:15.223294,,,,,,,,,,,,,,,,
,,,,,missingness_blank_suspect,Churn,,,,,,category,,,,,,,,,,,,,,,,,,,,detail,,,,,,,,,,,,,,,,,,,,,,,,0.0,,,,,,,,,,0.0,,,,,,,,,0.0,,,,,,,0.0,,,,0.0,,,0.0,,,,,,0.0,,,,0.0,,,,,,,,,,,,2.2.5,,,,,,,,2025-11-08 13:26:15.223294,,,,,,,,,,,,,,,,
,,,,,missingness_blank_suspect,Churn_flag,,,,,,Int8,,,,,,,,,,,,,,,,,,,,detail,,,,,,,,,,,,,,,,,,,,,,,,0.0,,,,,,,,,,0.0,,,,,,,,,0.0,,,,,,,0.0,,,,0.0,,,0.0,,,,,,0.0,,,,0.0,,,,,,,,,,,,2.2.5,,,,,,,,2025-11-08 13:26:15.223294,,,,,,,,,,,,,,,,
,,,,,missingness_summary,,,,,,,,,,,,,,,,,,,,,,,,,,,info,,,,,,,,,,,,,,,,,,,,,,22.0,,,,,,,,,,,,,,,,,,7043.0,,,,,,,,,,,,,,,,,,,,,,,,,,,,,,,,,,,,,,,2.2.5,,,,,,,,2025-11-08 13:26:15.223955,,,,,,,,0.0,,11.0,0.0,0.0,,,,
,,,,,type_recommendation,SeniorCitizen,int64,,,,,,,,,,,,,,0.0,0.0,0.0,,,,1.0,,1.0,0.0,,,,,,,,,,,,,,,,,,,,0.0,,,,,,,,,,,,,,,,,,,,,,,,,,,,,2.0,,,,,,,,,,,,,,,,,,0.0,,,,,,,,,,,,,,2.2.6,,,,,binary_flag,,,2025-11-08 13:27:05.051184,,,,,,,,,,,,,,,,
,,,,,type_recommendation,Churn,category,,,,,,,,,,,,,,0.0,0.0,0.0,,,,1.0,,0.0,0.0,,,,,,,,,,,,,,,,,,,,0.0,,,,,,,,,,,,,,,,,,,,,,,,,,,,,2.0,,,,,,,,,,,,,,,,,,0.0,,,,,,,,,,,,,,2.2.6,,,,,categorical,,,2025-11-08 13:27:05.051184,,,,,,,,,,,,,,,,
,,,,,type_recommendation,Contract,object,,,,,,,,,,,,,,0.0,0.0,0.0,,,,0.0,,0.0,0.0,,,,,,,,,,,,,,,,,,,,0.0,,,,,,,,,,,,,,,,,,,,,,,,,,,,,3.0,,,,,,,,,,,,,,,,,,0.0,,,,,,,,,,,,,,2.2.6,,,,,categorical,,,2025-11-08 13:27:05.051184,,,,,,,,,,,,,,,,
,,,,,type_recommendation,Dependents,object,,,,,,,,,,,,,,0.0,0.0,0.0,,,,1.0,,0.0,0.0,,,,,,,,,,,,,,,,,,,,0.0,,,,,,,,,,,,,,,,,,,,,,,,,,,,,2.0,,,,,,,,,,,,,,,,,,0.0,,,,,,,,,,,,,,2.2.6,,,,,categorical,,,2025-11-08 13:27:05.051184,,,,,,,,,,,,,,,,
,,,,,type_recommendation,DeviceProtection,object,,,,,,,,,,,,,,0.0,0.0,0.0,,,,0.0,,0.0,0.0,,,,,,,,,,,,,,,,,,,,0.0,,,,,,,,,,,,,,,,,,,,,,,,,,,,,3.0,,,,,,,,,,,,,,,,,,0.0,,,,,,,,,,,,,,2.2.6,,,,,categorical,,,2025-11-08 13:27:05.051184,,,,,,,,,,,,,,,,
,,,,,type_recommendation,InternetService,object,,,,,,,,,,,,,,0.0,0.0,0.0,,,,0.0,,0.0,0.0,,,,,,,,,,,,,,,,,,,,0.0,,,,,,,,,,,,,,,,,,,,,,,,,,,,,3.0,,,,,,,,,,,,,,,,,,0.0,,,,,,,,,,,,,,2.2.6,,,,,categorical,,,2025-11-08 13:27:05.051184,,,,,,,,,,,,,,,,
,,,,,type_recommendation,MultipleLines,object,,,,,,,,,,,,,,0.0,0.0,0.0,,,,0.0,,0.0,0.0,,,,,,,,,,,,,,,,,,,,0.0,,,,,,,,,,,,,,,,,,,,,,,,,,,,,3.0,,,,,,,,,,,,,,,,,,0.0,,,,,,,,,,,,,,2.2.6,,,,,categorical,,,2025-11-08 13:27:05.051184,,,,,,,,,,,,,,,,
,,,,,type_recommendation,OnlineBackup,object,,,,,,,,,,,,,,0.0,0.0,0.0,,,,0.0,,0.0,0.0,,,,,,,,,,,,,,,,,,,,0.0,,,,,,,,,,,,,,,,,,,,,,,,,,,,,3.0,,,,,,,,,,,,,,,,,,0.0,,,,,,,,,,,,,,2.2.6,,,,,categorical,,,2025-11-08 13:27:05.051184,,,,,,,,,,,,,,,,
,,,,,type_recommendation,OnlineSecurity,object,,,,,,,,,,,,,,0.0,0.0,0.0,,,,0.0,,0.0,0.0,,,,,,,,,,,,,,,,,,,,0.0,,,,,,,,,,,,,,,,,,,,,,,,,,,,,3.0,,,,,,,,,,,,,,,,,,0.0,,,,,,,,,,,,,,2.2.6,,,,,categorical,,,2025-11-08 13:27:05.051184,,,,,,,,,,,,,,,,
,,,,,type_recommendation,PaperlessBilling,object,,,,,,,,,,,,,,0.0,0.0,0.0,,,,1.0,,0.0,0.0,,,,,,,,,,,,,,,,,,,,0.0,,,,,,,,,,,,,,,,,,,,,,,,,,,,,2.0,,,,,,,,,,,,,,,,,,0.0,,,,,,,,,,,,,,2.2.6,,,,,categorical,,,2025-11-08 13:27:05.051184,,,,,,,,,,,,,,,,
,,,,,type_recommendation,Partner,object,,,,,,,,,,,,,,0.0,0.0,0.0,,,,1.0,,0.0,0.0,,,,,,,,,,,,,,,,,,,,0.0,,,,,,,,,,,,,,,,,,,,,,,,,,,,,2.0,,,,,,,,,,,,,,,,,,0.0,,,,,,,,,,,,,,2.2.6,,,,,categorical,,,2025-11-08 13:27:05.051184,,,,,,,,,,,,,,,,
,,,,,type_recommendation,PaymentMethod,object,,,,,,,,,,,,,,0.0,0.0,0.0,,,,0.0,,0.0,0.0,,,,,,,,,,,,,,,,,,,,0.0,,,,,,,,,,,,,,,,,,,,,,,,,,,,,4.0,,,,,,,,,,,,,,,,,,0.001,,,,,,,,,,,,,,2.2.6,,,,,categorical,,,2025-11-08 13:27:05.051184,,,,,,,,,,,,,,,,
,,,,,type_recommendation,PhoneService,object,,,,,,,,,,,,,,0.0,0.0,0.0,,,,1.0,,0.0,0.0,,,,,,,,,,,,,,,,,,,,0.0,,,,,,,,,,,,,,,,,,,,,,,,,,,,,2.0,,,,,,,,,,,,,,,,,,0.0,,,,,,,,,,,,,,2.2.6,,,,,categorical,,,2025-11-08 13:27:05.051184,,,,,,,,,,,,,,,,
,,,,,type_recommendation,StreamingMovies,object,,,,,,,,,,,,,,0.0,0.0,0.0,,,,0.0,,0.0,0.0,,,,,,,,,,,,,,,,,,,,0.0,,,,,,,,,,,,,,,,,,,,,,,,,,,,,3.0,,,,,,,,,,,,,,,,,,0.0,,,,,,,,,,,,,,2.2.6,,,,,categorical,,,2025-11-08 13:27:05.051184,,,,,,,,,,,,,,,,
,,,,,type_recommendation,StreamingTV,object,,,,,,,,,,,,,,0.0,0.0,0.0,,,,0.0,,0.0,0.0,,,,,,,,,,,,,,,,,,,,0.0,,,,,,,,,,,,,,,,,,,,,,,,,,,,,3.0,,,,,,,,,,,,,,,,,,0.0,,,,,,,,,,,,,,2.2.6,,,,,categorical,,,2025-11-08 13:27:05.051184,,,,,,,,,,,,,,,,
,,,,,type_recommendation,TechSupport,object,,,,,,,,,,,,,,0.0,0.0,0.0,,,,0.0,,0.0,0.0,,,,,,,,,,,,,,,,,,,,0.0,,,,,,,,,,,,,,,,,,,,,,,,,,,,,3.0,,,,,,,,,,,,,,,,,,0.0,,,,,,,,,,,,,,2.2.6,,,,,categorical,,,2025-11-08 13:27:05.051184,,,,,,,,,,,,,,,,
,,,,,type_recommendation,gender,object,,,,,,,,,,,,,,0.0,0.0,0.0,,,,1.0,,0.0,0.0,,,,,,,,,,,,,,,,,,,,0.0,,,,,,,,,,,,,,,,,,,,,,,,,,,,,2.0,,,,,,,,,,,,,,,,,,0.0,,,,,,,,,,,,,,2.2.6,,,,,categorical,,,2025-11-08 13:27:05.051184,,,,,,,,,,,,,,,,
,,,,,type_recommendation,customerID,object,,,,,,,,,,,,,,0.0,0.0,0.0,,,,0.0,,0.0,0.0,,,,,,,,,,,,,,,,,,,,0.0,,,,,,,,,,,,,,,,,,,,,,,,,,,,,7043.0,,,,,,,,,,,,,,,,,,1.0,,,,,,,,,,,,,,2.2.6,,,,,id,,,2025-11-08 13:27:05.051184,,,,,,,,,,,,,,,,
,,,,,type_recommendation,MonthlyCharges,float64,,,,,,,,,,,,,,0.0,0.0,0.0,,,,0.0,,1.0,0.0,,,,,,,,,,,,,,,,,,,,0.0,,,,,,,,,,,,,,,,,,,,,,,,,,,,,1585.0,,,,,,,,,,,,,,,,,,0.225,,,,,,,,,,,,,,2.2.6,,,,,numeric,,,2025-11-08 13:27:05.051184,,,,,,,,,,,,,,,,
,,,,,type_recommendation,TotalCharges,float64,,,,,,,,,,,,,,0.0,0.0,0.0,,,,0.0,,1.0,0.0,,,,,,,,,,,,,,,,,,,,0.0016,,,,,,,,,,,,,,,,,,,,,,,,,,,,,6530.0,,,,,,,,,,,,,,,,,,0.927,,,,,,,,,,,,,,2.2.6,,,,,numeric,,,2025-11-08 13:27:05.051184,,,,,,,,,,,,,,,,
,,,,,type_recommendation,tenure,int64,,,,,,,,,,,,,,0.0,0.0,0.0,,,,0.0,,1.0,0.0,,,,,,,,,,,,,,,,,,,,0.0,,,,,,,,,,,,,,,,,,,,,,,,,,,,,73.0,,,,,,,,,,,,,,,,,,0.01,,,,,,,,,,,,,,2.2.6,,,,,numeric,,,2025-11-08 13:27:05.051184,,,,,,,,,,,,,,,,
,,,,,type_recommendation,Churn_flag,Int8,,,,,,,,,,,,,,0.0,0.0,0.0,,,,1.0,,1.0,0.0,,,,,,,,,,,,,,,,,,,,0.0,,,,,,,,,,,,,,,,,,,,,,,,,,,,,2.0,,,,,,,,,,,,,,,,,,0.0,,,,,,,,,,,,,,2.2.6,,,,,target,,,2025-11-08 13:27:05.051184,,,,,,,,,,,,,,,,
,,,,,type_recommendation,SeniorCitizen,int64,,,,,,,,,,,,,,0.0,0.0,0.0,,,,1.0,,1.0,0.0,,,,,,,,,,,,,,,,,,,,0.0,,,,,,,,,,,,,,,,,,,,,,,,,,,,,2.0,,,,,,,,,,,,,,,,,,0.0,,,,,,,,,,,,,,2.2.6,,,,,binary_flag,,,2025-11-08 13:33:56.688392,,,,,,,,,,,,,,,,
,,,,,type_recommendation,Churn,category,,,,,,,,,,,,,,0.0,0.0,0.0,,,,1.0,,0.0,0.0,,,,,,,,,,,,,,,,,,,,0.0,,,,,,,,,,,,,,,,,,,,,,,,,,,,,2.0,,,,,,,,,,,,,,,,,,0.0,,,,,,,,,,,,,,2.2.6,,,,,categorical,,,2025-11-08 13:33:56.688392,,,,,,,,,,,,,,,,
,,,,,type_recommendation,Contract,object,,,,,,,,,,,,,,0.0,0.0,0.0,,,,0.0,,0.0,0.0,,,,,,,,,,,,,,,,,,,,0.0,,,,,,,,,,,,,,,,,,,,,,,,,,,,,3.0,,,,,,,,,,,,,,,,,,0.0,,,,,,,,,,,,,,2.2.6,,,,,categorical,,,2025-11-08 13:33:56.688392,,,,,,,,,,,,,,,,
,,,,,type_recommendation,Dependents,object,,,,,,,,,,,,,,0.0,0.0,0.0,,,,1.0,,0.0,0.0,,,,,,,,,,,,,,,,,,,,0.0,,,,,,,,,,,,,,,,,,,,,,,,,,,,,2.0,,,,,,,,,,,,,,,,,,0.0,,,,,,,,,,,,,,2.2.6,,,,,categorical,,,2025-11-08 13:33:56.688392,,,,,,,,,,,,,,,,
,,,,,type_recommendation,DeviceProtection,object,,,,,,,,,,,,,,0.0,0.0,0.0,,,,0.0,,0.0,0.0,,,,,,,,,,,,,,,,,,,,0.0,,,,,,,,,,,,,,,,,,,,,,,,,,,,,3.0,,,,,,,,,,,,,,,,,,0.0,,,,,,,,,,,,,,2.2.6,,,,,categorical,,,2025-11-08 13:33:56.688392,,,,,,,,,,,,,,,,
,,,,,type_recommendation,InternetService,object,,,,,,,,,,,,,,0.0,0.0,0.0,,,,0.0,,0.0,0.0,,,,,,,,,,,,,,,,,,,,0.0,,,,,,,,,,,,,,,,,,,,,,,,,,,,,3.0,,,,,,,,,,,,,,,,,,0.0,,,,,,,,,,,,,,2.2.6,,,,,categorical,,,2025-11-08 13:33:56.688392,,,,,,,,,,,,,,,,
,,,,,type_recommendation,MultipleLines,object,,,,,,,,,,,,,,0.0,0.0,0.0,,,,0.0,,0.0,0.0,,,,,,,,,,,,,,,,,,,,0.0,,,,,,,,,,,,,,,,,,,,,,,,,,,,,3.0,,,,,,,,,,,,,,,,,,0.0,,,,,,,,,,,,,,2.2.6,,,,,categorical,,,2025-11-08 13:33:56.688392,,,,,,,,,,,,,,,,
,,,,,type_recommendation,OnlineBackup,object,,,,,,,,,,,,,,0.0,0.0,0.0,,,,0.0,,0.0,0.0,,,,,,,,,,,,,,,,,,,,0.0,,,,,,,,,,,,,,,,,,,,,,,,,,,,,3.0,,,,,,,,,,,,,,,,,,0.0,,,,,,,,,,,,,,2.2.6,,,,,categorical,,,2025-11-08 13:33:56.688392,,,,,,,,,,,,,,,,
,,,,,type_recommendation,OnlineSecurity,object,,,,,,,,,,,,,,0.0,0.0,0.0,,,,0.0,,0.0,0.0,,,,,,,,,,,,,,,,,,,,0.0,,,,,,,,,,,,,,,,,,,,,,,,,,,,,3.0,,,,,,,,,,,,,,,,,,0.0,,,,,,,,,,,,,,2.2.6,,,,,categorical,,,2025-11-08 13:33:56.688392,,,,,,,,,,,,,,,,
,,,,,type_recommendation,PaperlessBilling,object,,,,,,,,,,,,,,0.0,0.0,0.0,,,,1.0,,0.0,0.0,,,,,,,,,,,,,,,,,,,,0.0,,,,,,,,,,,,,,,,,,,,,,,,,,,,,2.0,,,,,,,,,,,,,,,,,,0.0,,,,,,,,,,,,,,2.2.6,,,,,categorical,,,2025-11-08 13:33:56.688392,,,,,,,,,,,,,,,,
,,,,,type_recommendation,Partner,object,,,,,,,,,,,,,,0.0,0.0,0.0,,,,1.0,,0.0,0.0,,,,,,,,,,,,,,,,,,,,0.0,,,,,,,,,,,,,,,,,,,,,,,,,,,,,2.0,,,,,,,,,,,,,,,,,,0.0,,,,,,,,,,,,,,2.2.6,,,,,categorical,,,2025-11-08 13:33:56.688392,,,,,,,,,,,,,,,,
,,,,,type_recommendation,PaymentMethod,object,,,,,,,,,,,,,,0.0,0.0,0.0,,,,0.0,,0.0,0.0,,,,,,,,,,,,,,,,,,,,0.0,,,,,,,,,,,,,,,,,,,,,,,,,,,,,4.0,,,,,,,,,,,,,,,,,,0.001,,,,,,,,,,,,,,2.2.6,,,,,categorical,,,2025-11-08 13:33:56.688392,,,,,,,,,,,,,,,,
,,,,,type_recommendation,PhoneService,object,,,,,,,,,,,,,,0.0,0.0,0.0,,,,1.0,,0.0,0.0,,,,,,,,,,,,,,,,,,,,0.0,,,,,,,,,,,,,,,,,,,,,,,,,,,,,2.0,,,,,,,,,,,,,,,,,,0.0,,,,,,,,,,,,,,2.2.6,,,,,categorical,,,2025-11-08 13:33:56.688392,,,,,,,,,,,,,,,,
,,,,,type_recommendation,StreamingMovies,object,,,,,,,,,,,,,,0.0,0.0,0.0,,,,0.0,,0.0,0.0,,,,,,,,,,,,,,,,,,,,0.0,,,,,,,,,,,,,,,,,,,,,,,,,,,,,3.0,,,,,,,,,,,,,,,,,,0.0,,,,,,,,,,,,,,2.2.6,,,,,categorical,,,2025-11-08 13:33:56.688392,,,,,,,,,,,,,,,,
,,,,,type_recommendation,StreamingTV,object,,,,,,,,,,,,,,0.0,0.0,0.0,,,,0.0,,0.0,0.0,,,,,,,,,,,,,,,,,,,,0.0,,,,,,,,,,,,,,,,,,,,,,,,,,,,,3.0,,,,,,,,,,,,,,,,,,0.0,,,,,,,,,,,,,,2.2.6,,,,,categorical,,,2025-11-08 13:33:56.688392,,,,,,,,,,,,,,,,
,,,,,type_recommendation,TechSupport,object,,,,,,,,,,,,,,0.0,0.0,0.0,,,,0.0,,0.0,0.0,,,,,,,,,,,,,,,,,,,,0.0,,,,,,,,,,,,,,,,,,,,,,,,,,,,,3.0,,,,,,,,,,,,,,,,,,0.0,,,,,,,,,,,,,,2.2.6,,,,,categorical,,,2025-11-08 13:33:56.688392,,,,,,,,,,,,,,,,
,,,,,type_recommendation,gender,object,,,,,,,,,,,,,,0.0,0.0,0.0,,,,1.0,,0.0,0.0,,,,,,,,,,,,,,,,,,,,0.0,,,,,,,,,,,,,,,,,,,,,,,,,,,,,2.0,,,,,,,,,,,,,,,,,,0.0,,,,,,,,,,,,,,2.2.6,,,,,categorical,,,2025-11-08 13:33:56.688392,,,,,,,,,,,,,,,,
,,,,,type_recommendation,customerID,object,,,,,,,,,,,,,,0.0,0.0,0.0,,,,0.0,,0.0,0.0,,,,,,,,,,,,,,,,,,,,0.0,,,,,,,,,,,,,,,,,,,,,,,,,,,,,7043.0,,,,,,,,,,,,,,,,,,1.0,,,,,,,,,,,,,,2.2.6,,,,,id,,,2025-11-08 13:33:56.688392,,,,,,,,,,,,,,,,
,,,,,type_recommendation,MonthlyCharges,float64,,,,,,,,,,,,,,0.0,0.0,0.0,,,,0.0,,1.0,0.0,,,,,,,,,,,,,,,,,,,,0.0,,,,,,,,,,,,,,,,,,,,,,,,,,,,,1585.0,,,,,,,,,,,,,,,,,,0.225,,,,,,,,,,,,,,2.2.6,,,,,numeric,,,2025-11-08 13:33:56.688392,,,,,,,,,,,,,,,,
,,,,,type_recommendation,TotalCharges,float64,,,,,,,,,,,,,,0.0,0.0,0.0,,,,0.0,,1.0,0.0,,,,,,,,,,,,,,,,,,,,0.0016,,,,,,,,,,,,,,,,,,,,,,,,,,,,,6530.0,,,,,,,,,,,,,,,,,,0.927,,,,,,,,,,,,,,2.2.6,,,,,numeric,,,2025-11-08 13:33:56.688392,,,,,,,,,,,,,,,,
,,,,,type_recommendation,tenure,int64,,,,,,,,,,,,,,0.0,0.0,0.0,,,,0.0,,1.0,0.0,,,,,,,,,,,,,,,,,,,,0.0,,,,,,,,,,,,,,,,,,,,,,,,,,,,,73.0,,,,,,,,,,,,,,,,,,0.01,,,,,,,,,,,,,,2.2.6,,,,,numeric,,,2025-11-08 13:33:56.688392,,,,,,,,,,,,,,,,
,,,,,type_recommendation,Churn_flag,Int8,,,,,,,,,,,,,,0.0,0.0,0.0,,,,1.0,,1.0,0.0,,,,,,,,,,,,,,,,,,,,0.0,,,,,,,,,,,,,,,,,,,,,,,,,,,,,2.0,,,,,,,,,,,,,,,,,,0.0,,,,,,,,,,,,,,2.2.6,,,,,target,,,2025-11-08 13:33:56.688392,,,,,,,,,,,,,,,,
,,,,,,Churn_flag,,,,,,Int8,,,,,,[],,,,,,,,,,,,,-0.8702113423319808,,,,,1.0,,,,,,,0.2653698707936959,0.0,,0.0,,,,,,,,,,,,,,,,,,,,,,,,,,7043.0,,,,,,,,0.0,,,,,,,,,,,,,,,,,,,,,0.0,1.0,,,,,,,distribution_summary,2025-11-08T13:37:39,2.8_numeric_distribution_outliers,,1.063031444575135,,0.441561305121947,,,,,,,,,,,,,,,,,,,,
,,,,,,MonthlyCharges,,,,,,float64,,,,,,[],,,,,,,,,,,,,-1.2572596945495056,,,,,118.75,,,,,,,64.76169246059918,70.35,,18.25,,,,,,,,,,,,,,,,,,,,,,,,,,7043.0,,,,,,,,0.0,,,,,,,,,,,,,,,,,,,,,35.5,89.85,,,,,,,distribution_summary,2025-11-08T13:37:39,2.8_numeric_distribution_outliers,,-0.2205244339439803,,30.090047097678493,,,,,,,,,,,,,,,,,,,,
,,,,,,SeniorCitizen,,,,,,int64,,,,,,"[np.int64(1), np.int64(1), np.int64(1), np.int64(1), np.int64(1)]",,,,,,,,,,,,,1.3625958957939108,,,,,1.0,,,,,,,0.1621468124378816,0.0,,0.0,,,,,,,,,,,,,,,,,,,,,,,,,,7043.0,,,,,,,,1142.0,,,,,,,,,,,,,,,,,,,,,0.0,0.0,,,,,,,outliers_IQR>1.5×,2025-11-08T13:37:39,2.8_numeric_distribution_outliers,,1.8336327440928564,,0.3686116056100131,,1.5,,,,,,,,,,,,,,,,,,
,,,,,,TotalCharges,,,,,,float64,,,,,,[],,,,,,,,,,,,,-0.2317987608693794,,,,,8684.8,,,,,,,2283.300440841866,1397.475,,18.8,,,,,,,,,,,,,,,,,,,,,,,,,,7043.0,,,,,,,,0.0,,,,,,,,,,,,,,,,,,,,,401.45,3794.7375,,,,,,,distribution_summary,2025-11-08T13:37:39,2.8_numeric_distribution_outliers,,0.9616424997242504,,2266.771361883145,,,,,,,,,,,,,,,,,,,,
,,,,,,tenure,,,,,,int64,,,,,,[],,,,,,,,,,,,,-1.387371635971685,,,,,72.0,,,,,,,32.37114865824223,29.0,,0.0,,,,,,,,,,,,,,,,,,,,,,,,,,7043.0,,,,,,,,0.0,,,,,,,,,,,,,,,,,,,,,9.0,55.0,,,,,,,distribution_summary,2025-11-08T13:37:39,2.8_numeric_distribution_outliers,,0.2395397495619829,,24.55948102309446,,,,,,,,,,,,,,,,,,,,
,,,,,numeric_outlier_scan,Churn_flag,,,,,,,,,,,,,,,,,,,,1.0,,,,,,info,-1.5,,,,,,,,,,,,,,,,,,7043.0,,,,,,,,,,,,,,,,,0.0,0.0,,,,,,,,,,,,,,,,,,,,,0.0,0.0,,,,,,,,,,0.0,1.0,,,,,,,,,2.3.4,,,,,,,,2025-11-08 13:38:45.016569,,,,,,,,,,,,,2.5,,,
,,,,,numeric_outlier_scan,MonthlyCharges,,,,,,,,,,,,,,,,,,,,54.35,,,,,,info,-46.02499999999999,,,,,,,,,,,,,,,,,,7043.0,,,,,,,,,,,,,,,,,0.0,0.0,,,,,,,,,,,,,,,,,,,,,0.0,0.0,,,,,,,,,,35.5,89.85,,,,,,,,,2.3.4,,,,,,,,2025-11-08 13:38:45.016569,,,,,,,,,,,,,171.375,,,
,,,,,numeric_outlier_scan,SeniorCitizen,,,,,,,,,,,,,,,,,,,,0.0,,,,,,info,0.0,,,,,,,,,,,,,,,,,,7043.0,,,,,,,,,,,,,,,,,0.0,0.0,,,,,,,,,,,,,,,,,,,,,0.0,0.0,,,,,,,,,,0.0,0.0,,,,,,,,,2.3.4,,,,,,,,2025-11-08 13:38:45.016569,,,,,,,,,,,,,0.0,,,
,,,,,numeric_outlier_scan,TotalCharges,,,,,,,,,,,,,,,,,,,,3393.2875000000004,,,,,,info,-4688.481250000001,,,,,,,,,,,,,,,,,,7032.0,,,,,,,,,,,,,,,,,0.0,0.0,,,,,,,,,,,,,,,,,,,,,0.0,0.0,,,,,,,,,,401.45,3794.7375,,,,,,,,,2.3.4,,,,,,,,2025-11-08 13:38:45.016569,,,,,,,,,,,,,8884.66875,,,
,,,,,numeric_outlier_scan,tenure,,,,,,,,,,,,,,,,,,,,46.0,,,,,,info,-60.0,,,,,,,,,,,,,,,,,,7043.0,,,,,,,,,,,,,,,,,0.0,0.0,,,,,,,,,,,,,,,,,,,,,0.0,0.0,,,,,,,,,,9.0,55.0,,,,,,,,,2.3.4,,,,,,,,2025-11-08 13:38:45.016569,,,,,,,,,,,,,124.0,,,
,,,,,,Churn_flag,,,,,,Int8,,,,,,[],,,,,,,,,,,,,-0.8702113423319808,,,,,1.0,,,,,,,0.2653698707936959,0.0,,0.0,,,,,,,,,,,,,,,,,,,,,,,,,,7043.0,,,,,,,,0.0,,,,,,,,,,,,,,,,,,,,,0.0,1.0,,,,,,,distribution_summary,2025-11-08T13:40:04,2.3.4_outlier_scan,,1.063031444575135,,0.441561305121947,,,,,,,,,,,,,,,,,,,,
,,,,,,MonthlyCharges,,,,,,float64,,,,,,[],,,,,,,,,,,,,-1.2572596945495056,,,,,118.75,,,,,,,64.76169246059918,70.35,,18.25,,,,,,,,,,,,,,,,,,,,,,,,,,7043.0,,,,,,,,0.0,,,,,,,,,,,,,,,,,,,,,35.5,89.85,,,,,,,distribution_summary,2025-11-08T13:40:04,2.3.4_outlier_scan,,-0.2205244339439803,,30.090047097678493,,,,,,,,,,,,,,,,,,,,
,,,,,,SeniorCitizen,,,,,,int64,,,,,,"[np.int64(1), np.int64(1), np.int64(1), np.int64(1), np.int64(1)]",,,,,,,,,,,,,1.3625958957939108,,,,,1.0,,,,,,,0.1621468124378816,0.0,,0.0,,,,,,,,,,,,,,,,,,,,,,,,,,7043.0,,,,,,,,1142.0,,,,,,,,,,,,,,,,,,,,,0.0,0.0,,,,,,,outliers_IQR>1.5×,2025-11-08T13:40:04,2.3.4_outlier_scan,,1.8336327440928564,,0.3686116056100131,,1.5,,,,,,,,,,,,,,,,,,
,,,,,,TotalCharges,,,,,,float64,,,,,,[],,,,,,,,,,,,,-0.2317987608693794,,,,,8684.8,,,,,,,2283.300440841866,1397.475,,18.8,,,,,,,,,,,,,,,,,,,,,,,,,,7043.0,,,,,,,,0.0,,,,,,,,,,,,,,,,,,,,,401.45,3794.7375,,,,,,,distribution_summary,2025-11-08T13:40:04,2.3.4_outlier_scan,,0.9616424997242504,,2266.771361883145,,,,,,,,,,,,,,,,,,,,
,,,,,,tenure,,,,,,int64,,,,,,[],,,,,,,,,,,,,-1.387371635971685,,,,,72.0,,,,,,,32.37114865824223,29.0,,0.0,,,,,,,,,,,,,,,,,,,,,,,,,,7043.0,,,,,,,,0.0,,,,,,,,,,,,,,,,,,,,,9.0,55.0,,,,,,,distribution_summary,2025-11-08T13:40:04,2.3.4_outlier_scan,,0.2395397495619829,,24.55948102309446,,,,,,,,,,,,,,,,,,,,
,,,,,numeric_unified_profile,Churn_flag,,,,,,Int8,,,,,,,,0.0,,,,,,1.0,,,,,-0.8702113423319808,,-1.5,ok,,1.0,,,,,,,0.2653698707936959,0.0,,0.0,,,,,,0.0,,,,,,2.0,,,,,0.0,,7043.0,,,0.0,0.0,0.0,,7043.0,,,,,,,,,0.0,,,,0.0,,0.0,,,0.0,0.0,,,,,,,,,,0.0,1.0,,,,,,,,2025-11-08T14:05:39,2.3.6,,1.063031444575135,,0.4415299564793231,,,,,,5174.0,0.7346,,,0.0,,,,,,,2.5,,,
,,,,,numeric_unified_profile,MonthlyCharges,,,,,,float64,,,,,,,,1.0,,,,,,54.35,,,,,-1.2572596945495056,,-46.02499999999999,ok,,118.75,1000.0,,,,,,64.76169246059918,70.35,,18.25,0.0,,,,,0.0,,,,,,1585.0,,,,,0.0,,7043.0,,,0.0,0.0,0.0,,7043.0,,,,,,,,,0.0,,,,0.0,,0.0,,,0.0,0.0,,,,,,,,,,35.5,89.85,,,,,,,,2025-11-08T14:05:39,2.3.6,,-0.2205244339439803,,30.08791085493697,,,,,,61.0,0.0087,,,20.05,,,,,,,171.375,,,
,,,,,numeric_unified_profile,SeniorCitizen,,,,,,int64,,,,,,,,0.0,,,,,,0.0,,,,,1.3625958957939108,,0.0,ok,,1.0,,,,,,,0.1621468124378816,0.0,,0.0,,,,,,0.0,,,,,,2.0,,,,,0.0,,7043.0,,,0.0,0.0,0.0,,7043.0,,,,,,,,,0.0,,,,0.0,,0.0,,,0.0,0.0,,,,,,,,,,0.0,0.0,,,,,,,,2025-11-08T14:05:39,2.3.6,,1.8336327440928564,,0.3685854360309371,,,,,,5901.0,0.8379,,,0.0,,,,,,,0.0,,,
,,,,,numeric_unified_profile,TotalCharges,,,,,,float64,,,,,,,,1.0,,,,,,3393.2875000000004,,,,,-0.2317987608693794,,-4688.481250000001,ok,,8684.8,100000.0,,,,,,2283.300440841866,1397.475,,18.8,0.0,,,,,0.0,,,,,,6531.0,,,,,11.0,,7032.0,,,0.0,0.0,0.0,,7043.0,,,,,,,,,0.0,,,,0.0,,0.1562,,,0.0,0.0,,,,,,,,,,401.45,3794.7375,,,,,,,,2025-11-08T14:05:39,2.3.6,,0.9616424997242504,,2266.610180714535,,,,,,11.0,0.0016,,,20.2,,,,,,,8884.66875,,,
,,,,,numeric_unified_profile,tenure,,,,,,int64,,,,,,,,1.0,,,,,,46.0,,,,,-1.387371635971685,,-60.0,ok,,72.0,120.0,,,,,,32.37114865824223,29.0,,0.0,0.0,,,,,0.0,,,,,,73.0,,,,,0.0,,7043.0,,,0.0,0.0,0.0,,7043.0,,,,,,,,,0.0,,,,0.0,,0.0,,,0.0,0.0,,,,,,,,,,9.0,55.0,,,,,,,,2025-11-08T14:05:39,2.3.6,,0.2395397495619829,,24.55773742286344,,,,,,613.0,0.087,,,1.0,,,,,,,124.0,,,
,1.0,0.0,,,rule_confidence_scores,,,,,,,,,,,,,,,,,,,,,,,,,,,,,,,,,,,,,0.0,,,,,,,0.0,,,,,,,,4.0,,,,,,,,,,,,,,,,,,,,,,,,,,,,,,,,,,,,,,,,,,,,,,,,,,,,distribution_summary,2025-11-08T14:27:05,2.3.7.3,mild,,,,,,,,,,,,,,,,,,,,,,,
,0.8378531875621185,0.1621468124378816,,,rule_confidence_scores,,,,,,,,,,,,,,,,,,,,,,,,,,,,,,,,,,,,,0.1621468124378816,,,,,,,0.1621468124378816,,,,,,,,1.0,,,,,,,,,,,,,,,,,,,,,,,,,,,,,,,,,,,,,,,,,,,,,,,,,,,,outliers_IQR>1.5×,2025-11-08T14:27:05,2.3.7.3,severe,,,,,,,,,,,,,,,,,,,,,,,
,,,,,categorical_domain_invalid_values,gender,,,,,,,,,,,,,,,,,,,,,,,,,,,,,,,,,,,,,,,,,,,,,,,,,,,,,2.0,2.0,0.0,0.0,,,,,,,,,,7043.0,,0.0,,,,,,0.0,,,,,,,,,,,,,,0.0,,,,,,,,,,,,,,,invalid_domain_value,2025-11-08T14:31:41,2.4.1,,,,,,,,,,,,,,,,,,,,,,,,
,,,,,categorical_domain_invalid_values,SeniorCitizen,,,,,,,,,,,,,,,,,,,,,,,,,,,,,,,,,,,,,,,,,,,,,,,,,,,,,2.0,2.0,0.0,0.0,,,,,,,,,,7043.0,,0.0,,,,,,0.0,,,,,,,,,,,,,,0.0,,,,,,,,,,,,,,,invalid_domain_value,2025-11-08T14:31:41,2.4.1,,,,,,,,,,,,,,,,,,,,,,,,
,,,,,categorical_domain_invalid_values,Partner,,,,,,,,,,,,,,,,,,,,,,,,,,,,,,,,,,,,,,,,,,,,,,,,,,,,,2.0,2.0,0.0,0.0,,,,,,,,,,7043.0,,0.0,,,,,,0.0,,,,,,,,,,,,,,0.0,,,,,,,,,,,,,,,invalid_domain_value,2025-11-08T14:31:41,2.4.1,,,,,,,,,,,,,,,,,,,,,,,,
,,,,,categorical_domain_invalid_values,Dependents,,,,,,,,,,,,,,,,,,,,,,,,,,,,,,,,,,,,,,,,,,,,,,,,,,,,,2.0,2.0,0.0,0.0,,,,,,,,,,7043.0,,0.0,,,,,,0.0,,,,,,,,,,,,,,0.0,,,,,,,,,,,,,,,invalid_domain_value,2025-11-08T14:31:41,2.4.1,,,,,,,,,,,,,,,,,,,,,,,,
,,,,,categorical_domain_invalid_values,PhoneService,,,,,,,,,,,,,,,,,,,,,,,,,,,,,,,,,,,,,,,,,,,,,,,,,,,,,2.0,2.0,0.0,0.0,,,,,,,,,,7043.0,,0.0,,,,,,0.0,,,,,,,,,,,,,,0.0,,,,,,,,,,,,,,,invalid_domain_value,2025-11-08T14:31:41,2.4.1,,,,,,,,,,,,,,,,,,,,,,,,
,,,,,categorical_domain_invalid_values,MultipleLines,,,,,,,,,,,,,,,,,,,,,,,,,,,,,,,,,,,,,,,,,,,,,,,,,,,,,3.0,3.0,0.0,0.0,,,,,,,,,,7043.0,,0.0,,,,,,0.0,,,,,,,,,,,,,,0.0,,,,,,,,,,,,,,,invalid_domain_value,2025-11-08T14:31:41,2.4.1,,,,,,,,,,,,,,,,,,,,,,,,
,,,,,categorical_domain_invalid_values,InternetService,,,,,,,,,,,,,,,,,,,,,,,,,,,,,,,,,,,,,,,,,,,,,,,,,,,,,3.0,3.0,0.0,0.0,,,,,,,,,,7043.0,,0.0,,,,,,0.0,,,,,,,,,,,,,,0.0,,,,,,,,,,,,,,,invalid_domain_value,2025-11-08T14:31:41,2.4.1,,,,,,,,,,,,,,,,,,,,,,,,
,,,,,categorical_domain_invalid_values,OnlineSecurity,,,,,,,,,,,,,,,,,,,,,,,,,,,,,,,,,,,,,,,,,,,,,,,,,,,,,3.0,3.0,0.0,0.0,,,,,,,,,,7043.0,,0.0,,,,,,0.0,,,,,,,,,,,,,,0.0,,,,,,,,,,,,,,,invalid_domain_value,2025-11-08T14:31:41,2.4.1,,,,,,,,,,,,,,,,,,,,,,,,
,,,,,categorical_domain_invalid_values,OnlineBackup,,,,,,,,,,,,,,,,,,,,,,,,,,,,,,,,,,,,,,,,,,,,,,,,,,,,,3.0,3.0,0.0,0.0,,,,,,,,,,7043.0,,0.0,,,,,,0.0,,,,,,,,,,,,,,0.0,,,,,,,,,,,,,,,invalid_domain_value,2025-11-08T14:31:41,2.4.1,,,,,,,,,,,,,,,,,,,,,,,,
,,,,,categorical_domain_invalid_values,DeviceProtection,,,,,,,,,,,,,,,,,,,,,,,,,,,,,,,,,,,,,,,,,,,,,,,,,,,,,3.0,3.0,0.0,0.0,,,,,,,,,,7043.0,,0.0,,,,,,0.0,,,,,,,,,,,,,,0.0,,,,,,,,,,,,,,,invalid_domain_value,2025-11-08T14:31:41,2.4.1,,,,,,,,,,,,,,,,,,,,,,,,
,,,,,categorical_domain_invalid_values,TechSupport,,,,,,,,,,,,,,,,,,,,,,,,,,,,,,,,,,,,,,,,,,,,,,,,,,,,,3.0,3.0,0.0,0.0,,,,,,,,,,7043.0,,0.0,,,,,,0.0,,,,,,,,,,,,,,0.0,,,,,,,,,,,,,,,invalid_domain_value,2025-11-08T14:31:41,2.4.1,,,,,,,,,,,,,,,,,,,,,,,,
,,,,,categorical_domain_invalid_values,StreamingTV,,,,,,,,,,,,,,,,,,,,,,,,,,,,,,,,,,,,,,,,,,,,,,,,,,,,,3.0,3.0,0.0,0.0,,,,,,,,,,7043.0,,0.0,,,,,,0.0,,,,,,,,,,,,,,0.0,,,,,,,,,,,,,,,invalid_domain_value,2025-11-08T14:31:41,2.4.1,,,,,,,,,,,,,,,,,,,,,,,,
,,,,,categorical_domain_invalid_values,StreamingMovies,,,,,,,,,,,,,,,,,,,,,,,,,,,,,,,,,,,,,,,,,,,,,,,,,,,,,3.0,3.0,0.0,0.0,,,,,,,,,,7043.0,,0.0,,,,,,0.0,,,,,,,,,,,,,,0.0,,,,,,,,,,,,,,,invalid_domain_value,2025-11-08T14:31:41,2.4.1,,,,,,,,,,,,,,,,,,,,,,,,
,,,,,categorical_domain_invalid_values,Contract,,,,,,,,,,,,,,,,,,,,,,,,,,,,,,,,,,,,,,,,,,,,,,,,,,,,,3.0,3.0,0.0,0.0,,,,,,,,,,7043.0,,0.0,,,,,,0.0,,,,,,,,,,,,,,0.0,,,,,,,,,,,,,,,invalid_domain_value,2025-11-08T14:31:41,2.4.1,,,,,,,,,,,,,,,,,,,,,,,,
,,,,,categorical_domain_invalid_values,PaperlessBilling,,,,,,,,,,,,,,,,,,,,,,,,,,,,,,,,,,,,,,,,,,,,,,,,,,,,,2.0,2.0,0.0,0.0,,,,,,,,,,7043.0,,0.0,,,,,,0.0,,,,,,,,,,,,,,0.0,,,,,,,,,,,,,,,invalid_domain_value,2025-11-08T14:31:41,2.4.1,,,,,,,,,,,,,,,,,,,,,,,,
,,,,,categorical_domain_invalid_values,PaymentMethod,,,,,,,,,,,,,,,,,,,,,,,,,,,,,,,,,,,,,,,,,,,,,,,,,,,,,4.0,4.0,0.0,0.0,,,,,,,,,,7043.0,,0.0,,,,,,0.0,,,,,,,,,,,,,,0.0,,,,,,,,,,,,,,,invalid_domain_value,2025-11-08T14:31:41,2.4.1,,,,,,,,,,,,,,,,,,,,,,,,
,,,,,categorical_domain_invalid_values,Churn,,,,,,,,,,,,,,,,,,,,,,,,,,,,,,,,,,,,,,,,,,,,,,,,,,,,,2.0,2.0,0.0,0.0,,,,,,,,,,7043.0,,0.0,,,,,,0.0,,,,,,,,,,,,,,0.0,,,,,,,,,,,,,,,invalid_domain_value,2025-11-08T14:31:41,2.4.1,,,,,,,,,,,,,,,,,,,,,,,,
,,,,,rare_categories,gender,,,,,,,,,,,,,,,,,,,,,,,,,,,,,,,,,,,,,,,,,,,,,,,,,,,,2.0,,,,,,,,,,,,,0.0,7043.0,0.0,,,,,,,0.0,,,,,,,,,,,,,0.0,,,,,,,,,,,,,,5.0,,rare_category,2025-11-08T14:34:22,2.4.2,,,,,,,0.5,,,,,,,,,,,,,,,,,
,,,,,rare_categories,Partner,,,,,,,,,,,,,,,,,,,,,,,,,,,,,,,,,,,,,,,,,,,,,,,,,,,,2.0,,,,,,,,,,,,,0.0,7043.0,0.0,,,,,,,0.0,,,,,,,,,,,,,0.0,,,,,,,,,,,,,,5.0,,rare_category,2025-11-08T14:34:22,2.4.2,,,,,,,0.5,,,,,,,,,,,,,,,,,
,,,,,rare_categories,Dependents,,,,,,,,,,,,,,,,,,,,,,,,,,,,,,,,,,,,,,,,,,,,,,,,,,,,2.0,,,,,,,,,,,,,0.0,7043.0,0.0,,,,,,,0.0,,,,,,,,,,,,,0.0,,,,,,,,,,,,,,5.0,,rare_category,2025-11-08T14:34:22,2.4.2,,,,,,,0.5,,,,,,,,,,,,,,,,,
,,,,,rare_categories,PhoneService,,,,,,,,,,,,,,,,,,,,,,,,,,,,,,,,,,,,,,,,,,,,,,,,,,,,2.0,,,,,,,,,,,,,0.0,7043.0,0.0,,,,,,,0.0,,,,,,,,,,,,,0.0,,,,,,,,,,,,,,5.0,,rare_category,2025-11-08T14:34:22,2.4.2,,,,,,,0.5,,,,,,,,,,,,,,,,,
,,,,,rare_categories,MultipleLines,,,,,,,,,,,,,,,,,,,,,,,,,,,,,,,,,,,,,,,,,,,,,,,,,,,,3.0,,,,,,,,,,,,,0.0,7043.0,0.0,,,,,,,0.0,,,,,,,,,,,,,0.0,,,,,,,,,,,,,,5.0,,rare_category,2025-11-08T14:34:22,2.4.2,,,,,,,0.5,,,,,,,,,,,,,,,,,
,,,,,rare_categories,InternetService,,,,,,,,,,,,,,,,,,,,,,,,,,,,,,,,,,,,,,,,,,,,,,,,,,,,3.0,,,,,,,,,,,,,0.0,7043.0,0.0,,,,,,,0.0,,,,,,,,,,,,,0.0,,,,,,,,,,,,,,5.0,,rare_category,2025-11-08T14:34:22,2.4.2,,,,,,,0.5,,,,,,,,,,,,,,,,,
,,,,,rare_categories,OnlineSecurity,,,,,,,,,,,,,,,,,,,,,,,,,,,,,,,,,,,,,,,,,,,,,,,,,,,,3.0,,,,,,,,,,,,,0.0,7043.0,0.0,,,,,,,0.0,,,,,,,,,,,,,0.0,,,,,,,,,,,,,,5.0,,rare_category,2025-11-08T14:34:22,2.4.2,,,,,,,0.5,,,,,,,,,,,,,,,,,
,,,,,rare_categories,OnlineBackup,,,,,,,,,,,,,,,,,,,,,,,,,,,,,,,,,,,,,,,,,,,,,,,,,,,,3.0,,,,,,,,,,,,,0.0,7043.0,0.0,,,,,,,0.0,,,,,,,,,,,,,0.0,,,,,,,,,,,,,,5.0,,rare_category,2025-11-08T14:34:22,2.4.2,,,,,,,0.5,,,,,,,,,,,,,,,,,
,,,,,rare_categories,DeviceProtection,,,,,,,,,,,,,,,,,,,,,,,,,,,,,,,,,,,,,,,,,,,,,,,,,,,,3.0,,,,,,,,,,,,,0.0,7043.0,0.0,,,,,,,0.0,,,,,,,,,,,,,0.0,,,,,,,,,,,,,,5.0,,rare_category,2025-11-08T14:34:22,2.4.2,,,,,,,0.5,,,,,,,,,,,,,,,,,
,,,,,rare_categories,TechSupport,,,,,,,,,,,,,,,,,,,,,,,,,,,,,,,,,,,,,,,,,,,,,,,,,,,,3.0,,,,,,,,,,,,,0.0,7043.0,0.0,,,,,,,0.0,,,,,,,,,,,,,0.0,,,,,,,,,,,,,,5.0,,rare_category,2025-11-08T14:34:22,2.4.2,,,,,,,0.5,,,,,,,,,,,,,,,,,
,,,,,rare_categories,StreamingTV,,,,,,,,,,,,,,,,,,,,,,,,,,,,,,,,,,,,,,,,,,,,,,,,,,,,3.0,,,,,,,,,,,,,0.0,7043.0,0.0,,,,,,,0.0,,,,,,,,,,,,,0.0,,,,,,,,,,,,,,5.0,,rare_category,2025-11-08T14:34:22,2.4.2,,,,,,,0.5,,,,,,,,,,,,,,,,,
,,,,,rare_categories,StreamingMovies,,,,,,,,,,,,,,,,,,,,,,,,,,,,,,,,,,,,,,,,,,,,,,,,,,,,3.0,,,,,,,,,,,,,0.0,7043.0,0.0,,,,,,,0.0,,,,,,,,,,,,,0.0,,,,,,,,,,,,,,5.0,,rare_category,2025-11-08T14:34:22,2.4.2,,,,,,,0.5,,,,,,,,,,,,,,,,,
,,,,,rare_categories,Contract,,,,,,,,,,,,,,,,,,,,,,,,,,,,,,,,,,,,,,,,,,,,,,,,,,,,3.0,,,,,,,,,,,,,0.0,7043.0,0.0,,,,,,,0.0,,,,,,,,,,,,,0.0,,,,,,,,,,,,,,5.0,,rare_category,2025-11-08T14:34:22,2.4.2,,,,,,,0.5,,,,,,,,,,,,,,,,,
,,,,,rare_categories,PaperlessBilling,,,,,,,,,,,,,,,,,,,,,,,,,,,,,,,,,,,,,,,,,,,,,,,,,,,,2.0,,,,,,,,,,,,,0.0,7043.0,0.0,,,,,,,0.0,,,,,,,,,,,,,0.0,,,,,,,,,,,,,,5.0,,rare_category,2025-11-08T14:34:22,2.4.2,,,,,,,0.5,,,,,,,,,,,,,,,,,
,,,,,rare_categories,PaymentMethod,,,,,,,,,,,,,,,,,,,,,,,,,,,,,,,,,,,,,,,,,,,,,,,,,,,,4.0,,,,,,,,,,,,,0.0,7043.0,0.0,,,,,,,0.0,,,,,,,,,,,,,0.0,,,,,,,,,,,,,,5.0,,rare_category,2025-11-08T14:34:22,2.4.2,,,,,,,0.5,,,,,,,,,,,,,,,,,
,,,,,rare_categories,Churn,,,,,,,,,,,,,,,,,,,,,,,,,,,,,,,,,,,,,,,,,,,,,,,,,,,,2.0,,,,,,,,,,,,,0.0,7043.0,0.0,,,,,,,0.0,,,,,,,,,,,,,0.0,,,,,,,,,,,,,,5.0,,rare_category,2025-11-08T14:34:22,2.4.2,,,,,,,0.5,,,,,,,,,,,,,,,,,
,,,,0.0,categorical_encoding_hygiene,gender,,,,,,object,,,,,,,,,,,,,,,,,,,,,,,,,,,,,,,,,,,,,,,,,,,,,,,,,,,,0.0,,,,,,,,,,,,0.0,,0.0,2.0,0.0,,,,,,,,,,,,,,,,0.0,,,,,,,,,,,,,encoding_hygiene,2025-11-08T14:41:08,2.4.3,,,,,,,,,,,,,,,,,,,,,,0.0,,
,,,,0.0,categorical_encoding_hygiene,Partner,,,,,,object,,,,,,,,,,,,,,,,,,,,,,,,,,,,,,,,,,,,,,,,,,,,,,,,,,,,0.0,,,,,,,,,,,,0.0,,0.0,2.0,0.0,,,,,,,,,,,,,,,,0.0,,,,,,,,,,,,,encoding_hygiene,2025-11-08T14:41:08,2.4.3,,,,,,,,,,,,,,,,,,,,,,0.0,,
,,,,0.0,categorical_encoding_hygiene,Dependents,,,,,,object,,,,,,,,,,,,,,,,,,,,,,,,,,,,,,,,,,,,,,,,,,,,,,,,,,,,0.0,,,,,,,,,,,,0.0,,0.0,2.0,0.0,,,,,,,,,,,,,,,,0.0,,,,,,,,,,,,,encoding_hygiene,2025-11-08T14:41:08,2.4.3,,,,,,,,,,,,,,,,,,,,,,0.0,,
,,,,0.0,categorical_encoding_hygiene,PhoneService,,,,,,object,,,,,,,,,,,,,,,,,,,,,,,,,,,,,,,,,,,,,,,,,,,,,,,,,,,,0.0,,,,,,,,,,,,0.0,,0.0,2.0,0.0,,,,,,,,,,,,,,,,0.0,,,,,,,,,,,,,encoding_hygiene,2025-11-08T14:41:08,2.4.3,,,,,,,,,,,,,,,,,,,,,,0.0,,
,,,,0.0,categorical_encoding_hygiene,MultipleLines,,,,,,object,,,,,,,,,,,,,,,,,,,,,,,,,,,,,,,,,,,,,,,,,,,,,,,,,,,,0.0,,,,,,,,,,,,0.0,,0.0,3.0,0.0,,,,,,,,,,,,,,,,0.0,,,,,,,,,,,,,encoding_hygiene,2025-11-08T14:41:08,2.4.3,,,,,,,,,,,,,,,,,,,,,,0.0,,
,,,,0.0,categorical_encoding_hygiene,InternetService,,,,,,object,,,,,,,,,,,,,,,,,,,,,,,,,,,,,,,,,,,,,,,,,,,,,,,,,,,,0.0,,,,,,,,,,,,0.0,,0.0,3.0,0.0,,,,,,,,,,,,,,,,0.0,,,,,,,,,,,,,encoding_hygiene,2025-11-08T14:41:08,2.4.3,,,,,,,,,,,,,,,,,,,,,,0.0,,
,,,,0.0,categorical_encoding_hygiene,OnlineSecurity,,,,,,object,,,,,,,,,,,,,,,,,,,,,,,,,,,,,,,,,,,,,,,,,,,,,,,,,,,,0.0,,,,,,,,,,,,0.0,,0.0,3.0,0.0,,,,,,,,,,,,,,,,0.0,,,,,,,,,,,,,encoding_hygiene,2025-11-08T14:41:08,2.4.3,,,,,,,,,,,,,,,,,,,,,,0.0,,
,,,,0.0,categorical_encoding_hygiene,OnlineBackup,,,,,,object,,,,,,,,,,,,,,,,,,,,,,,,,,,,,,,,,,,,,,,,,,,,,,,,,,,,0.0,,,,,,,,,,,,0.0,,0.0,3.0,0.0,,,,,,,,,,,,,,,,0.0,,,,,,,,,,,,,encoding_hygiene,2025-11-08T14:41:08,2.4.3,,,,,,,,,,,,,,,,,,,,,,0.0,,
,,,,0.0,categorical_encoding_hygiene,DeviceProtection,,,,,,object,,,,,,,,,,,,,,,,,,,,,,,,,,,,,,,,,,,,,,,,,,,,,,,,,,,,0.0,,,,,,,,,,,,0.0,,0.0,3.0,0.0,,,,,,,,,,,,,,,,0.0,,,,,,,,,,,,,encoding_hygiene,2025-11-08T14:41:08,2.4.3,,,,,,,,,,,,,,,,,,,,,,0.0,,
,,,,0.0,categorical_encoding_hygiene,TechSupport,,,,,,object,,,,,,,,,,,,,,,,,,,,,,,,,,,,,,,,,,,,,,,,,,,,,,,,,,,,0.0,,,,,,,,,,,,0.0,,0.0,3.0,0.0,,,,,,,,,,,,,,,,0.0,,,,,,,,,,,,,encoding_hygiene,2025-11-08T14:41:08,2.4.3,,,,,,,,,,,,,,,,,,,,,,0.0,,
,,,,0.0,categorical_encoding_hygiene,StreamingTV,,,,,,object,,,,,,,,,,,,,,,,,,,,,,,,,,,,,,,,,,,,,,,,,,,,,,,,,,,,0.0,,,,,,,,,,,,0.0,,0.0,3.0,0.0,,,,,,,,,,,,,,,,0.0,,,,,,,,,,,,,encoding_hygiene,2025-11-08T14:41:08,2.4.3,,,,,,,,,,,,,,,,,,,,,,0.0,,
,,,,0.0,categorical_encoding_hygiene,StreamingMovies,,,,,,object,,,,,,,,,,,,,,,,,,,,,,,,,,,,,,,,,,,,,,,,,,,,,,,,,,,,0.0,,,,,,,,,,,,0.0,,0.0,3.0,0.0,,,,,,,,,,,,,,,,0.0,,,,,,,,,,,,,encoding_hygiene,2025-11-08T14:41:08,2.4.3,,,,,,,,,,,,,,,,,,,,,,0.0,,
,,,,0.0,categorical_encoding_hygiene,Contract,,,,,,object,,,,,,,,,,,,,,,,,,,,,,,,,,,,,,,,,,,,,,,,,,,,,,,,,,,,0.0,,,,,,,,,,,,0.0,,0.0,3.0,0.0,,,,,,,,,,,,,,,,0.0,,,,,,,,,,,,,encoding_hygiene,2025-11-08T14:41:08,2.4.3,,,,,,,,,,,,,,,,,,,,,,0.0,,
,,,,0.0,categorical_encoding_hygiene,PaperlessBilling,,,,,,object,,,,,,,,,,,,,,,,,,,,,,,,,,,,,,,,,,,,,,,,,,,,,,,,,,,,0.0,,,,,,,,,,,,0.0,,0.0,2.0,0.0,,,,,,,,,,,,,,,,0.0,,,,,,,,,,,,,encoding_hygiene,2025-11-08T14:41:08,2.4.3,,,,,,,,,,,,,,,,,,,,,,0.0,,
,,,,0.0,categorical_encoding_hygiene,PaymentMethod,,,,,,object,,,,,,,,,,,,,,,,,,,,,,,,,,,,,,,,,,,,,,,,,,,,,,,,,,,,0.0,,,,,,,,,,,,0.0,,0.0,4.0,0.0,,,,,,,,,,,,,,,,0.0,,,,,,,,,,,,,encoding_hygiene,2025-11-08T14:41:08,2.4.3,,,,,,,,,,,,,,,,,,,,,,0.0,,
,,,,0.0,categorical_encoding_hygiene,Churn,,,,,,category,,,,,,,,,,,,,,,,,,,,,,,,,,,,,,,,,,,,,,,,,,,,,,,,,,,,0.0,,,,,,,,,,,,0.0,,0.0,2.0,0.0,,,,,,,,,,,,,,,,0.0,,,,,,,,,,,,,encoding_hygiene,2025-11-08T14:41:08,2.4.3,,,,,,,,,,,,,,,,,,,,,,0.0,,
,,,,,categorical_domain_frequency,gender,,,,,,object,,,,,,,,,,,,,,,,,,,,,,,,,,,,,,,,,,,,,,,,,,,,,,2.0,,,,,,,,,,,,,,7043.0,,,,,,,,3554.0,,,,,,,,,,,,,,,,,,,,,,,,,,,,,domain_frequency_profile,2025-11-08T14:47:05,2.4.4,,,somewhat_skewed,,,,,,100.0,3555.0,,Male,50.4756,,,,,,,,,,,
,,,,,categorical_domain_frequency,Partner,,,,,,object,,,,,,,,,,,,,,,,,,,,,,,,,,,,,,,,,,,,,,,,,,,,,,2.0,,,,,,,,,,,,,,7043.0,,,,,,,,3640.0,,,,,,,,,,,,,,,,,,,,,,,,,,,,,domain_frequency_profile,2025-11-08T14:47:05,2.4.4,,,somewhat_skewed,,,,,,100.0,3641.0,,No,51.6967,,,,,,,,,,,
,,,,,categorical_domain_frequency,Dependents,,,,,,object,,,,,,,,,,,,,,,,,,,,,,,,,,,,,,,,,,,,,,,,,,,,,,2.0,,,,,,,,,,,,,,7043.0,,,,,,,,4933.0,,,,,,,,,,,,,,,,,,,,,,,,,,,,,domain_frequency_profile,2025-11-08T14:47:05,2.4.4,,,moderately_skewed,,,,,,100.0,4933.0,,No,70.0412,,,,,,,,,,,
,,,,,categorical_domain_frequency,PhoneService,,,,,,object,,,,,,,,,,,,,,,,,,,,,,,,,,,,,,,,,,,,,,,,,,,,,,2.0,,,,,,,,,,,,,,7043.0,,,,,,,,6360.0,,,,,,,,,,,,,,,,,,,,,,,,,,,,,domain_frequency_profile,2025-11-08T14:47:05,2.4.4,,,heavily_skewed,,,,,,100.0,6361.0,,Yes,90.3166,,,,,,,,,,,
,,,,,categorical_domain_frequency,MultipleLines,,,,,,object,,,,,,,,,,,,,,,,,,,,,,,,,,,,,,,,,,,,,,,,,,,,,,3.0,,,,,,,,,,,,,,7043.0,,,,,,,,3390.0,,,,,,,,,,,,,,,,,,,,,,,,,,,,,domain_frequency_profile,2025-11-08T14:47:05,2.4.4,,,somewhat_skewed,,,,,,100.0,3390.0,,No,48.1329,,,,,,,,,,,
,,,,,categorical_domain_frequency,InternetService,,,,,,object,,,,,,,,,,,,,,,,,,,,,,,,,,,,,,,,,,,,,,,,,,,,,,3.0,,,,,,,,,,,,,,7043.0,,,,,,,,3095.0,,,,,,,,,,,,,,,,,,,,,,,,,,,,,domain_frequency_profile,2025-11-08T14:47:05,2.4.4,,,somewhat_skewed,,,,,,100.0,3096.0,,Fiber optic,43.9585,,,,,,,,,,,
,,,,,categorical_domain_frequency,OnlineSecurity,,,,,,object,,,,,,,,,,,,,,,,,,,,,,,,,,,,,,,,,,,,,,,,,,,,,,3.0,,,,,,,,,,,,,,7043.0,,,,,,,,3497.0,,,,,,,,,,,,,,,,,,,,,,,,,,,,,domain_frequency_profile,2025-11-08T14:47:05,2.4.4,,,somewhat_skewed,,,,,,100.0,3498.0,,No,49.6663,,,,,,,,,,,
,,,,,categorical_domain_frequency,OnlineBackup,,,,,,object,,,,,,,,,,,,,,,,,,,,,,,,,,,,,,,,,,,,,,,,,,,,,,3.0,,,,,,,,,,,,,,7043.0,,,,,,,,3088.0,,,,,,,,,,,,,,,,,,,,,,,,,,,,,domain_frequency_profile,2025-11-08T14:47:05,2.4.4,,,somewhat_skewed,,,,,,100.0,3088.0,,No,43.845,,,,,,,,,,,
,,,,,categorical_domain_frequency,DeviceProtection,,,,,,object,,,,,,,,,,,,,,,,,,,,,,,,,,,,,,,,,,,,,,,,,,,,,,3.0,,,,,,,,,,,,,,7043.0,,,,,,,,3094.0,,,,,,,,,,,,,,,,,,,,,,,,,,,,,domain_frequency_profile,2025-11-08T14:47:05,2.4.4,,,somewhat_skewed,,,,,,100.0,3095.0,,No,43.9443,,,,,,,,,,,
,,,,,categorical_domain_frequency,TechSupport,,,,,,object,,,,,,,,,,,,,,,,,,,,,,,,,,,,,,,,,,,,,,,,,,,,,,3.0,,,,,,,,,,,,,,7043.0,,,,,,,,3473.0,,,,,,,,,,,,,,,,,,,,,,,,,,,,,domain_frequency_profile,2025-11-08T14:47:05,2.4.4,,,somewhat_skewed,,,,,,100.0,3473.0,,No,49.3114,,,,,,,,,,,
,,,,,categorical_domain_frequency,StreamingTV,,,,,,object,,,,,,,,,,,,,,,,,,,,,,,,,,,,,,,,,,,,,,,,,,,,,,3.0,,,,,,,,,,,,,,7043.0,,,,,,,,2810.0,,,,,,,,,,,,,,,,,,,,,,,,,,,,,domain_frequency_profile,2025-11-08T14:47:05,2.4.4,,,balanced,,,,,,100.0,2810.0,,No,39.8978,,,,,,,,,,,
,,,,,categorical_domain_frequency,StreamingMovies,,,,,,object,,,,,,,,,,,,,,,,,,,,,,,,,,,,,,,,,,,,,,,,,,,,,,3.0,,,,,,,,,,,,,,7043.0,,,,,,,,2784.0,,,,,,,,,,,,,,,,,,,,,,,,,,,,,domain_frequency_profile,2025-11-08T14:47:05,2.4.4,,,balanced,,,,,,100.0,2785.0,,No,39.5428,,,,,,,,,,,
,,,,,categorical_domain_frequency,Contract,,,,,,object,,,,,,,,,,,,,,,,,,,,,,,,,,,,,,,,,,,,,,,,,,,,,,3.0,,,,,,,,,,,,,,7043.0,,,,,,,,3875.0,,,,,,,,,,,,,,,,,,,,,,,,,,,,,domain_frequency_profile,2025-11-08T14:47:05,2.4.4,,,somewhat_skewed,,,,,,100.0,3875.0,,Month-to-month,55.0192,,,,,,,,,,,
,,,,,categorical_domain_frequency,PaperlessBilling,,,,,,object,,,,,,,,,,,,,,,,,,,,,,,,,,,,,,,,,,,,,,,,,,,,,,2.0,,,,,,,,,,,,,,7043.0,,,,,,,,4170.0,,,,,,,,,,,,,,,,,,,,,,,,,,,,,domain_frequency_profile,2025-11-08T14:47:05,2.4.4,,,somewhat_skewed,,,,,,100.0,4171.0,,Yes,59.2219,,,,,,,,,,,
,,,,,categorical_domain_frequency,PaymentMethod,,,,,,object,,,,,,,,,,,,,,,,,,,,,,,,,,,,,,,,,,,,,,,,,,,,,,4.0,,,,,,,,,,,,,,7043.0,,,,,,,,2364.0,,,,,,,,,,,,,,,,,,,,,,,,,,,,,domain_frequency_profile,2025-11-08T14:47:05,2.4.4,,,balanced,,,,,,78.3899,2365.0,,Electronic check,33.5794,,,,,,,,,,,
,,,,,categorical_domain_frequency,Churn,,,,,,category,,,,,,,,,,,,,,,,,,,,,,,,,,,,,,,,,,,,,,,,,,,,,,2.0,,,,,,,,,,,,,,7043.0,,,,,,,,5173.0,,,,,,,,,,,,,,,,,,,,,,,,,,,,,domain_frequency_profile,2025-11-08T14:47:05,2.4.4,,,moderately_skewed,,,,,,100.0,5174.0,,No,73.463,,,,,,,,,,,
,,,,,feature_cardinality_audit,PaymentMethod,,,,,,object,,,,,,,,,,,,,,,,0.0,,,,,,,,,,,,,,,,,,,,,,,,,,,,,,,,,,,,,,,,,,,,,,,,,,,4.0,0.0,,,,,,,,,,,,,,,,,0.057,,,,,,,,,,,,categorical_uniqueness_count,2025-11-08T14:55:04,2.4.5,,,,,,50.0,,,,,,,,,,,,,,,,,,
,,,,,feature_cardinality_audit,Contract,,,,,,object,,,,,,,,,,,,,,,,0.0,,,,,,,,,,,,,,,,,,,,,,,,,,,,,,,,,,,,,,,,,,,,,,,,,,,3.0,0.0,,,,,,,,,,,,,,,,,0.043,,,,,,,,,,,,categorical_uniqueness_count,2025-11-08T14:55:04,2.4.5,,,,,,50.0,,,,,,,,,,,,,,,,,,
,,,,,feature_cardinality_audit,MultipleLines,,,,,,object,,,,,,,,,,,,,,,,0.0,,,,,,,,,,,,,,,,,,,,,,,,,,,,,,,,,,,,,,,,,,,,,,,,,,,3.0,0.0,,,,,,,,,,,,,,,,,0.043,,,,,,,,,,,,categorical_uniqueness_count,2025-11-08T14:55:04,2.4.5,,,,,,50.0,,,,,,,,,,,,,,,,,,
,,,,,feature_cardinality_audit,DeviceProtection,,,,,,object,,,,,,,,,,,,,,,,0.0,,,,,,,,,,,,,,,,,,,,,,,,,,,,,,,,,,,,,,,,,,,,,,,,,,,3.0,0.0,,,,,,,,,,,,,,,,,0.043,,,,,,,,,,,,categorical_uniqueness_count,2025-11-08T14:55:04,2.4.5,,,,,,50.0,,,,,,,,,,,,,,,,,,
,,,,,feature_cardinality_audit,OnlineBackup,,,,,,object,,,,,,,,,,,,,,,,0.0,,,,,,,,,,,,,,,,,,,,,,,,,,,,,,,,,,,,,,,,,,,,,,,,,,,3.0,0.0,,,,,,,,,,,,,,,,,0.043,,,,,,,,,,,,categorical_uniqueness_count,2025-11-08T14:55:04,2.4.5,,,,,,50.0,,,,,,,,,,,,,,,,,,
,,,,,feature_cardinality_audit,OnlineSecurity,,,,,,object,,,,,,,,,,,,,,,,0.0,,,,,,,,,,,,,,,,,,,,,,,,,,,,,,,,,,,,,,,,,,,,,,,,,,,3.0,0.0,,,,,,,,,,,,,,,,,0.043,,,,,,,,,,,,categorical_uniqueness_count,2025-11-08T14:55:04,2.4.5,,,,,,50.0,,,,,,,,,,,,,,,,,,
,,,,,feature_cardinality_audit,TechSupport,,,,,,object,,,,,,,,,,,,,,,,0.0,,,,,,,,,,,,,,,,,,,,,,,,,,,,,,,,,,,,,,,,,,,,,,,,,,,3.0,0.0,,,,,,,,,,,,,,,,,0.043,,,,,,,,,,,,categorical_uniqueness_count,2025-11-08T14:55:04,2.4.5,,,,,,50.0,,,,,,,,,,,,,,,,,,
,,,,,feature_cardinality_audit,InternetService,,,,,,object,,,,,,,,,,,,,,,,0.0,,,,,,,,,,,,,,,,,,,,,,,,,,,,,,,,,,,,,,,,,,,,,,,,,,,3.0,0.0,,,,,,,,,,,,,,,,,0.043,,,,,,,,,,,,categorical_uniqueness_count,2025-11-08T14:55:04,2.4.5,,,,,,50.0,,,,,,,,,,,,,,,,,,
,,,,,feature_cardinality_audit,StreamingTV,,,,,,object,,,,,,,,,,,,,,,,0.0,,,,,,,,,,,,,,,,,,,,,,,,,,,,,,,,,,,,,,,,,,,,,,,,,,,3.0,0.0,,,,,,,,,,,,,,,,,0.043,,,,,,,,,,,,categorical_uniqueness_count,2025-11-08T14:55:04,2.4.5,,,,,,50.0,,,,,,,,,,,,,,,,,,
,,,,,feature_cardinality_audit,StreamingMovies,,,,,,object,,,,,,,,,,,,,,,,0.0,,,,,,,,,,,,,,,,,,,,,,,,,,,,,,,,,,,,,,,,,,,,,,,,,,,3.0,0.0,,,,,,,,,,,,,,,,,0.043,,,,,,,,,,,,categorical_uniqueness_count,2025-11-08T14:55:04,2.4.5,,,,,,50.0,,,,,,,,,,,,,,,,,,
,,,,,feature_cardinality_audit,Churn,,,,,,category,,,,,,,,,,,,,,,,0.0,,,,,,,,,,,,,,,,,,,,,,,,,,,,,,,,,,,,,,,,,,,,,,,,,,,2.0,0.0,,,,,,,,,,,,,,,,,0.028,,,,,,,,,,,,categorical_uniqueness_count,2025-11-08T14:55:04,2.4.5,,,,,,50.0,,,,,,,,,,,,,,,,,,
,,,,,feature_cardinality_audit,Dependents,,,,,,object,,,,,,,,,,,,,,,,0.0,,,,,,,,,,,,,,,,,,,,,,,,,,,,,,,,,,,,,,,,,,,,,,,,,,,2.0,0.0,,,,,,,,,,,,,,,,,0.028,,,,,,,,,,,,categorical_uniqueness_count,2025-11-08T14:55:04,2.4.5,,,,,,50.0,,,,,,,,,,,,,,,,,,
,,,,,feature_cardinality_audit,PhoneService,,,,,,object,,,,,,,,,,,,,,,,0.0,,,,,,,,,,,,,,,,,,,,,,,,,,,,,,,,,,,,,,,,,,,,,,,,,,,2.0,0.0,,,,,,,,,,,,,,,,,0.028,,,,,,,,,,,,categorical_uniqueness_count,2025-11-08T14:55:04,2.4.5,,,,,,50.0,,,,,,,,,,,,,,,,,,
,,,,,feature_cardinality_audit,Partner,,,,,,object,,,,,,,,,,,,,,,,0.0,,,,,,,,,,,,,,,,,,,,,,,,,,,,,,,,,,,,,,,,,,,,,,,,,,,2.0,0.0,,,,,,,,,,,,,,,,,0.028,,,,,,,,,,,,categorical_uniqueness_count,2025-11-08T14:55:04,2.4.5,,,,,,50.0,,,,,,,,,,,,,,,,,,
,,,,,feature_cardinality_audit,PaperlessBilling,,,,,,object,,,,,,,,,,,,,,,,0.0,,,,,,,,,,,,,,,,,,,,,,,,,,,,,,,,,,,,,,,,,,,,,,,,,,,2.0,0.0,,,,,,,,,,,,,,,,,0.028,,,,,,,,,,,,categorical_uniqueness_count,2025-11-08T14:55:04,2.4.5,,,,,,50.0,,,,,,,,,,,,,,,,,,
,,,,,feature_cardinality_audit,gender,,,,,,object,,,,,,,,,,,,,,,,0.0,,,,,,,,,,,,,,,,,,,,,,,,,,,,,,,,,,,,,,,,,,,,,,,,,,,2.0,0.0,,,,,,,,,,,,,,,,,0.028,,,,,,,,,,,,categorical_uniqueness_count,2025-11-08T14:55:04,2.4.5,,,,,,50.0,,,,,,,,,,,,,,,,,,
very_weak,,,,,categorical_association_strengths,gender,,,,,,,,,,,,,,,,,,,,,,,,,,,,,,,,,0.0186,0.0003,,,,,,,,,,,,,,,,,,,,,,,,,,,,,,,,,,,,,,,,,,,,,,,,,,,,,,,,,,,,,,,,,,,,,cramers_v_theils_u,2025-11-08T15:05:17,2.4.7,,,,,,,,,,,,,,,,,,,,,,,,
moderate,,,,,categorical_association_strengths,Partner,,,,,,,,,,,,,,,,,,,,,,,,,,,,,,,,,0.4527,0.1571,,,,,,,,,,,,,,,,,,,,,,,,,,,,,,,,,,,,,,,,,,,,,,,,,,,,,,,,,,,,,,,,,,,,,cramers_v_theils_u,2025-11-08T15:05:17,2.4.7,,,,,,,,,,,,,,,,,,,,,,,,
moderate,,,,,categorical_association_strengths,Dependents,,,,,,,,,,,,,,,,,,,,,,,,,,,,,,,,,0.4527,0.1782,,,,,,,,,,,,,,,,,,,,,,,,,,,,,,,,,,,,,,,,,,,,,,,,,,,,,,,,,,,,,,,,,,,,,cramers_v_theils_u,2025-11-08T15:05:17,2.4.7,,,,,,,,,,,,,,,,,,,,,,,,
very_strong,,,,,categorical_association_strengths,PhoneService,,,,,,,,,,,,,,,,,,,,,,,,,,,,,,,,,1.0,1.0,,,,,,,,,,,,,,,,,,,,,,,,,,,,,,,,,,,,,,,,,,,,,,,,,,,,,,,,,,,,,,,,,,,,,cramers_v_theils_u,2025-11-08T15:05:17,2.4.7,,,,,,,,,,,,,,,,,,,,,,,,
very_strong,,,,,categorical_association_strengths,MultipleLines,,,,,,,,,,,,,,,,,,,,,,,,,,,,,,,,,1.0,0.3376,,,,,,,,,,,,,,,,,,,,,,,,,,,,,,,,,,,,,,,,,,,,,,,,,,,,,,,,,,,,,,,,,,,,,cramers_v_theils_u,2025-11-08T15:05:17,2.4.7,,,,,,,,,,,,,,,,,,,,,,,,
very_strong,,,,,categorical_association_strengths,InternetService,,,,,,,,,,,,,,,,,,,,,,,,,,,,,,,,,0.7245,0.5116,,,,,,,,,,,,,,,,,,,,,,,,,,,,,,,,,,,,,,,,,,,,,,,,,,,,,,,,,,,,,,,,,,,,,cramers_v_theils_u,2025-11-08T15:05:17,2.4.7,,,,,,,,,,,,,,,,,,,,,,,,
very_strong,,,,,categorical_association_strengths,OnlineSecurity,,,,,,,,,,,,,,,,,,,,,,,,,,,,,,,,,0.7331,0.532,,,,,,,,,,,,,,,,,,,,,,,,,,,,,,,,,,,,,,,,,,,,,,,,,,,,,,,,,,,,,,,,,,,,,cramers_v_theils_u,2025-11-08T15:05:17,2.4.7,,,,,,,,,,,,,,,,,,,,,,,,
very_strong,,,,,categorical_association_strengths,OnlineBackup,,,,,,,,,,,,,,,,,,,,,,,,,,,,,,,,,0.7198,0.5065,,,,,,,,,,,,,,,,,,,,,,,,,,,,,,,,,,,,,,,,,,,,,,,,,,,,,,,,,,,,,,,,,,,,,cramers_v_theils_u,2025-11-08T15:05:17,2.4.7,,,,,,,,,,,,,,,,,,,,,,,,
very_strong,,,,,categorical_association_strengths,DeviceProtection,,,,,,,,,,,,,,,,,,,,,,,,,,,,,,,,,0.736,0.5245,,,,,,,,,,,,,,,,,,,,,,,,,,,,,,,,,,,,,,,,,,,,,,,,,,,,,,,,,,,,,,,,,,,,,cramers_v_theils_u,2025-11-08T15:05:17,2.4.7,,,,,,,,,,,,,,,,,,,,,,,,
very_strong,,,,,categorical_association_strengths,TechSupport,,,,,,,,,,,,,,,,,,,,,,,,,,,,,,,,,0.7331,0.531,,,,,,,,,,,,,,,,,,,,,,,,,,,,,,,,,,,,,,,,,,,,,,,,,,,,,,,,,,,,,,,,,,,,,cramers_v_theils_u,2025-11-08T15:05:17,2.4.7,,,,,,,,,,,,,,,,,,,,,,,,
very_strong,,,,,categorical_association_strengths,StreamingTV,,,,,,,,,,,,,,,,,,,,,,,,,,,,,,,,,0.771,0.5624,,,,,,,,,,,,,,,,,,,,,,,,,,,,,,,,,,,,,,,,,,,,,,,,,,,,,,,,,,,,,,,,,,,,,cramers_v_theils_u,2025-11-08T15:05:17,2.4.7,,,,,,,,,,,,,,,,,,,,,,,,
very_strong,,,,,categorical_association_strengths,StreamingMovies,,,,,,,,,,,,,,,,,,,,,,,,,,,,,,,,,0.771,0.5623,,,,,,,,,,,,,,,,,,,,,,,,,,,,,,,,,,,,,,,,,,,,,,,,,,,,,,,,,,,,,,,,,,,,,cramers_v_theils_u,2025-11-08T15:05:17,2.4.7,,,,,,,,,,,,,,,,,,,,,,,,
moderate,,,,,categorical_association_strengths,Contract,,,,,,,,,,,,,,,,,,,,,,,,,,,,,,,,,0.4101,0.1178,,,,,,,,,,,,,,,,,,,,,,,,,,,,,,,,,,,,,,,,,,,,,,,,,,,,,,,,,,,,,,,,,,,,,cramers_v_theils_u,2025-11-08T15:05:17,2.4.7,,,,,,,,,,,,,,,,,,,,,,,,
moderate,,,,,categorical_association_strengths,PaperlessBilling,,,,,,,,,,,,,,,,,,,,,,,,,,,,,,,,,0.3784,0.1086,,,,,,,,,,,,,,,,,,,,,,,,,,,,,,,,,,,,,,,,,,,,,,,,,,,,,,,,,,,,,,,,,,,,,cramers_v_theils_u,2025-11-08T15:05:17,2.4.7,,,,,,,,,,,,,,,,,,,,,,,,
moderate,,,,,categorical_association_strengths,PaymentMethod,,,,,,,,,,,,,,,,,,,,,,,,,,,,,,,,,0.3131,0.0758,,,,,,,,,,,,,,,,,,,,,,,,,,,,,,,,,,,,,,,,,,,,,,,,,,,,,,,,,,,,,,,,,,,,,cramers_v_theils_u,2025-11-08T15:05:17,2.4.7,,,,,,,,,,,,,,,,,,,,,,,,
moderate,,,,,categorical_association_strengths,Churn,,,,,,,,,,,,,,,,,,,,,,,,,,,,,,,,,0.4101,0.1702,,,,,,,,,,,,,,,,,,,,,,,,,,,,,,,,,,,,,,,,,,,,,,,,,,,,,,,,,,,,,,,,,,,,,cramers_v_theils_u,2025-11-08T15:05:17,2.4.7,,,,,,,,,,,,,,,,,,,,,,,,
,,,,,cross_categorical_consistency,,,,,"If InternetService='No', then dependent internet add-ons should be 'No internet service'.",,,,,,,,,,,,,,,,,,,,,,,,,,,,,,,,,,,,,,,,,,,,,,,,,,,,,,,,,,,,,,,,,,,7043.0,,,0.0,,,,,,,,,,,,,,,,,,0.0,,,,,,,,,,,internet_no_downstream_services,2025-11-08T15:07:52,2.4.6,mild,,,,,,,,,,,,,,,,,,,,,,,
,,,,,cross_categorical_consistency,,,,,"If PhoneService='No', MultipleLines should be 'No phone service'.",,,,,,,,,,,,,,,,,,,,,,,,,,,,,,,,,,,,,,,,,,,,,,,,,,,,,,,,,,,,,,,,,,,7043.0,,,0.0,,,,,,,,,,,,,,,,,,0.0,,,,,,,,,,,no_phone_multiple_lines,2025-11-08T15:07:52,2.4.6,mild,,,,,,,,,,,,,,,,,,,,,,,
,,,0.0,,,,,,,,,,,,,,,,Dependents,,,,,0.1782208530896832,1.134,,,,,,,,,,,,,,,,,,,,,,,,,,,,,,,,,,,,,,,,,,,,,,,,,,,,,,,,,,,0.1571051350550267,,,,,,,,,,,,,,,,,,,,,,,,intermediate,,2025-11-08T16:34:08,2.4.7.4_information_flow_metrics,,,,,,,,,,,,,,,,,,,,,,,,
,,,0.0,,,,,,,,,,,,,,,,Partner,,,,,0.1571051350550267,0.882,,,,,,,,,,,,,,,,,,,,,,,,,,,,,,,,,,,,,,,,,,,,,,,,,,,,,,,,,,,0.1782208530896832,,,,,,,,,,,,,,,,,,,,,,,,intermediate,,2025-11-08T16:34:08,2.4.7.4_information_flow_metrics,,,,,,,,,,,,,,,,,,,,,,,,
,,,0.0,,,,,,,,,,,,,,,,MultipleLines,,,,,0.5137761216973447,0.444,,,,,,,,,,,,,,,,,,,,,,,,,,,,,,,,,,,,,,,,,,,,,,,,,,,,,,,,,,,1.1566199372787926,,,,,,,,,,,,,,,,,,,,,,,,source (predictor),,2025-11-08T16:34:08,2.4.7.4_information_flow_metrics,,,,,,,,,,,,,,,,,,,,,,,,
,,,0.0,,,,,,,,,,,,,,,,PhoneService,,,,,1.3574519630262718,3.051,,,,,,,,,,,,,,,,,,,,,,,,,,,,,,,,,,,,,,,,,,,,,,,,,,,,,,,,,,,0.4448897405505515,,,,,,,,,,,,,,,,,,,,,,,,sink (target),,2025-11-08T16:34:08,2.4.7.4_information_flow_metrics,,,,,,,,,,,,,,,,,,,,,,,,
,,,0.2628205128205128,,,,,,,,,,,,,,,,InternetService,,,,,3.278229295558513,0.893,,,,,,,,,,,,,,,,,,,,,,,,,,,,,,,,,,,,,,,,,,,,,,,,,,,,,,,,,,,3.672231137857076,,,,,,,,,,,,,,,,,,,,,,,,intermediate,,2025-11-08T16:34:08,2.4.7.4_information_flow_metrics,,,,,,,,,,,,,,,,,,,,,,,,
,,,0.0192307692307692,,,,,,,,,,,,,,,,OnlineSecurity,,,,,3.095528940142335,0.984,,,,,,,,,,,,,,,,,,,,,,,,,,,,,,,,,,,,,,,,,,,,,,,,,,,,,,,,,,,3.146098500438649,,,,,,,,,,,,,,,,,,,,,,,,intermediate,,2025-11-08T16:34:08,2.4.7.4_information_flow_metrics,,,,,,,,,,,,,,,,,,,,,,,,
,,,0.0,,,,,,,,,,,,,,,,OnlineBackup,,,,,3.0114434668019685,0.995,,,,,,,,,,,,,,,,,,,,,,,,,,,,,,,,,,,,,,,,,,,,,,,,,,,,,,,,,,,3.027877871312048,,,,,,,,,,,,,,,,,,,,,,,,intermediate,,2025-11-08T16:34:08,2.4.7.4_information_flow_metrics,,,,,,,,,,,,,,,,,,,,,,,,
,,,0.0,,,,,,,,,,,,,,,,DeviceProtection,,,,,3.063029459082132,0.995,,,,,,,,,,,,,,,,,,,,,,,,,,,,,,,,,,,,,,,,,,,,,,,,,,,,,,,,,,,3.0785361869176806,,,,,,,,,,,,,,,,,,,,,,,,intermediate,,2025-11-08T16:34:08,2.4.7.4_information_flow_metrics,,,,,,,,,,,,,,,,,,,,,,,,
,,,0.1346153846153846,,,,,,,,,,,,,,,,TechSupport,,,,,3.2308376693619016,0.982,,,,,,,,,,,,,,,,,,,,,,,,,,,,,,,,,,,,,,,,,,,,,,,,,,,,,,,,,,,3.289160442159476,,,,,,,,,,,,,,,,,,,,,,,,intermediate,,2025-11-08T16:34:08,2.4.7.4_information_flow_metrics,,,,,,,,,,,,,,,,,,,,,,,,
,,,0.0,,,,,,,,,,,,,,,,StreamingTV,,,,,3.0723824162411724,0.989,,,,,,,,,,,,,,,,,,,,,,,,,,,,,,,,,,,,,,,,,,,,,,,,,,,,,,,,,,,3.106569555514945,,,,,,,,,,,,,,,,,,,,,,,,intermediate,,2025-11-08T16:34:08,2.4.7.4_information_flow_metrics,,,,,,,,,,,,,,,,,,,,,,,,
,,,0.0,,,,,,,,,,,,,,,,StreamingMovies,,,,,3.073027610645876,0.989,,,,,,,,,,,,,,,,,,,,,,,,,,,,,,,,,,,,,,,,,,,,,,,,,,,,,,,,,,,3.107573470748954,,,,,,,,,,,,,,,,,,,,,,,,intermediate,,2025-11-08T16:34:08,2.4.7.4_information_flow_metrics,,,,,,,,,,,,,,,,,,,,,,,,
,,,0.0,,,,,,,,,,,,,,,,Contract,,,,,0.1177928933077054,0.416,,,,,,,,,,,,,,,,,,,,,,,,,,,,,,,,,,,,,,,,,,,,,,,,,,,,,,,,,,,0.283385721710136,,,,,,,,,,,,,,,,,,,,,,,,source (predictor),,2025-11-08T16:34:08,2.4.7.4_information_flow_metrics,,,,,,,,,,,,,,,,,,,,,,,,
,,,0.0,,,,,,,,,,,,,,,,PaperlessBilling,,,,,0.1085824587837928,,,,,,,,,,,,,,,,,,,,,,,,,,,,,,,,,,,,,,,,,,,,,,,,,,,,,,,,,,,,0.0,,,,,,,,,,,,,,,,,,,,,,,,sink (target),,2025-11-08T16:34:08,2.4.7.4_information_flow_metrics,,,,,,,,,,,,,,,,,,,,,,,,
,,,0.0,,,,,,,,,,,,,,,,Churn,,,,,0.3908602698392959,,,,,,,,,,,,,,,,,,,,,,,,,,,,,,,,,,,,,,,,,,,,,,,,,,,,,,,,,,,,0.0,,,,,,,,,,,,,,,,,,,,,,,,sink (target),,2025-11-08T16:34:08,2.4.7.4_information_flow_metrics,,,,,,,,,,,,,,,,,,,,,,,,
,,,,,cross_categorical_consistency,,,,,"If InternetService='No', then dependent internet add-ons should be 'No internet service'.",,,,,,,,,,,,,,,,,,,,,,,,,,,,,,,,,,,,,,,,,,,,,,,,,,,,,,,,,,,,,,,,,,,7043.0,,,0.0,,,,,,,,,,,,,,,,,,0.0,,,,,,,,,,,internet_no_downstream_services,2025-11-09T12:02:01,2.4.6,mild,,,,,,,,,,,,,,,,,,,,,,,
,,,,,cross_categorical_consistency,,,,,"If PhoneService='No', MultipleLines should be 'No phone service'.",,,,,,,,,,,,,,,,,,,,,,,,,,,,,,,,,,,,,,,,,,,,,,,,,,,,,,,,,,,,,,,,,,,7043.0,,,0.0,,,,,,,,,,,,,,,,,,0.0,,,,,,,,,,,no_phone_multiple_lines,2025-11-09T12:02:01,2.4.6,mild,,,,,,,,,,,,,,,,,,,,,,,
very_weak,,,,,categorical_association_strengths,gender,,,,,,,,,,,,,,,,,,,,,,,,,,,,,,,,,0.0186,0.0003,,,,,,,,,,,,,,,,,,,,,,,,,,,,,,,,,,,,,,,,,,,,,,,,,,,,,,,,,,,,,,,,,,,,,cramers_v_theils_u,2025-11-09T12:02:41,2.4.7,,,,,,,,,,,,,,,,,,,,,,,,
moderate,,,,,categorical_association_strengths,Partner,,,,,,,,,,,,,,,,,,,,,,,,,,,,,,,,,0.4527,0.1571,,,,,,,,,,,,,,,,,,,,,,,,,,,,,,,,,,,,,,,,,,,,,,,,,,,,,,,,,,,,,,,,,,,,,cramers_v_theils_u,2025-11-09T12:02:41,2.4.7,,,,,,,,,,,,,,,,,,,,,,,,
moderate,,,,,categorical_association_strengths,Dependents,,,,,,,,,,,,,,,,,,,,,,,,,,,,,,,,,0.4527,0.1782,,,,,,,,,,,,,,,,,,,,,,,,,,,,,,,,,,,,,,,,,,,,,,,,,,,,,,,,,,,,,,,,,,,,,cramers_v_theils_u,2025-11-09T12:02:41,2.4.7,,,,,,,,,,,,,,,,,,,,,,,,
very_strong,,,,,categorical_association_strengths,PhoneService,,,,,,,,,,,,,,,,,,,,,,,,,,,,,,,,,1.0,1.0,,,,,,,,,,,,,,,,,,,,,,,,,,,,,,,,,,,,,,,,,,,,,,,,,,,,,,,,,,,,,,,,,,,,,cramers_v_theils_u,2025-11-09T12:02:41,2.4.7,,,,,,,,,,,,,,,,,,,,,,,,
very_strong,,,,,categorical_association_strengths,MultipleLines,,,,,,,,,,,,,,,,,,,,,,,,,,,,,,,,,1.0,0.3376,,,,,,,,,,,,,,,,,,,,,,,,,,,,,,,,,,,,,,,,,,,,,,,,,,,,,,,,,,,,,,,,,,,,,cramers_v_theils_u,2025-11-09T12:02:41,2.4.7,,,,,,,,,,,,,,,,,,,,,,,,
very_strong,,,,,categorical_association_strengths,InternetService,,,,,,,,,,,,,,,,,,,,,,,,,,,,,,,,,0.7245,0.5116,,,,,,,,,,,,,,,,,,,,,,,,,,,,,,,,,,,,,,,,,,,,,,,,,,,,,,,,,,,,,,,,,,,,,cramers_v_theils_u,2025-11-09T12:02:41,2.4.7,,,,,,,,,,,,,,,,,,,,,,,,
very_strong,,,,,categorical_association_strengths,OnlineSecurity,,,,,,,,,,,,,,,,,,,,,,,,,,,,,,,,,0.7331,0.532,,,,,,,,,,,,,,,,,,,,,,,,,,,,,,,,,,,,,,,,,,,,,,,,,,,,,,,,,,,,,,,,,,,,,cramers_v_theils_u,2025-11-09T12:02:41,2.4.7,,,,,,,,,,,,,,,,,,,,,,,,
very_strong,,,,,categorical_association_strengths,OnlineBackup,,,,,,,,,,,,,,,,,,,,,,,,,,,,,,,,,0.7198,0.5065,,,,,,,,,,,,,,,,,,,,,,,,,,,,,,,,,,,,,,,,,,,,,,,,,,,,,,,,,,,,,,,,,,,,,cramers_v_theils_u,2025-11-09T12:02:41,2.4.7,,,,,,,,,,,,,,,,,,,,,,,,
very_strong,,,,,categorical_association_strengths,DeviceProtection,,,,,,,,,,,,,,,,,,,,,,,,,,,,,,,,,0.736,0.5245,,,,,,,,,,,,,,,,,,,,,,,,,,,,,,,,,,,,,,,,,,,,,,,,,,,,,,,,,,,,,,,,,,,,,cramers_v_theils_u,2025-11-09T12:02:41,2.4.7,,,,,,,,,,,,,,,,,,,,,,,,
very_strong,,,,,categorical_association_strengths,TechSupport,,,,,,,,,,,,,,,,,,,,,,,,,,,,,,,,,0.7331,0.531,,,,,,,,,,,,,,,,,,,,,,,,,,,,,,,,,,,,,,,,,,,,,,,,,,,,,,,,,,,,,,,,,,,,,cramers_v_theils_u,2025-11-09T12:02:41,2.4.7,,,,,,,,,,,,,,,,,,,,,,,,
very_strong,,,,,categorical_association_strengths,StreamingTV,,,,,,,,,,,,,,,,,,,,,,,,,,,,,,,,,0.771,0.5624,,,,,,,,,,,,,,,,,,,,,,,,,,,,,,,,,,,,,,,,,,,,,,,,,,,,,,,,,,,,,,,,,,,,,cramers_v_theils_u,2025-11-09T12:02:41,2.4.7,,,,,,,,,,,,,,,,,,,,,,,,
very_strong,,,,,categorical_association_strengths,StreamingMovies,,,,,,,,,,,,,,,,,,,,,,,,,,,,,,,,,0.771,0.5623,,,,,,,,,,,,,,,,,,,,,,,,,,,,,,,,,,,,,,,,,,,,,,,,,,,,,,,,,,,,,,,,,,,,,cramers_v_theils_u,2025-11-09T12:02:41,2.4.7,,,,,,,,,,,,,,,,,,,,,,,,
moderate,,,,,categorical_association_strengths,Contract,,,,,,,,,,,,,,,,,,,,,,,,,,,,,,,,,0.4101,0.1178,,,,,,,,,,,,,,,,,,,,,,,,,,,,,,,,,,,,,,,,,,,,,,,,,,,,,,,,,,,,,,,,,,,,,cramers_v_theils_u,2025-11-09T12:02:41,2.4.7,,,,,,,,,,,,,,,,,,,,,,,,
moderate,,,,,categorical_association_strengths,PaperlessBilling,,,,,,,,,,,,,,,,,,,,,,,,,,,,,,,,,0.3784,0.1086,,,,,,,,,,,,,,,,,,,,,,,,,,,,,,,,,,,,,,,,,,,,,,,,,,,,,,,,,,,,,,,,,,,,,cramers_v_theils_u,2025-11-09T12:02:41,2.4.7,,,,,,,,,,,,,,,,,,,,,,,,
moderate,,,,,categorical_association_strengths,PaymentMethod,,,,,,,,,,,,,,,,,,,,,,,,,,,,,,,,,0.3131,0.0758,,,,,,,,,,,,,,,,,,,,,,,,,,,,,,,,,,,,,,,,,,,,,,,,,,,,,,,,,,,,,,,,,,,,,cramers_v_theils_u,2025-11-09T12:02:41,2.4.7,,,,,,,,,,,,,,,,,,,,,,,,
moderate,,,,,categorical_association_strengths,Churn,,,,,,,,,,,,,,,,,,,,,,,,,,,,,,,,,0.4101,0.1702,,,,,,,,,,,,,,,,,,,,,,,,,,,,,,,,,,,,,,,,,,,,,,,,,,,,,,,,,,,,,,,,,,,,,cramers_v_theils_u,2025-11-09T12:02:41,2.4.7,,,,,,,,,,,,,,,,,,,,,,,,
,,,,,numeric_unified_profile,Churn_flag,,,,,,Int8,,,,,,,,0.0,,,,,,1.0,,,,,-0.8702113423319808,,-1.5,ok,,1.0,,,,,,,0.2653698707936959,0.0,,0.0,,,,,,0.0,,,,,,2.0,,,,,0.0,,7043.0,,,0.0,0.0,0.0,,7043.0,,,,,,,,,0.0,,,,0.0,,0.0,,,0.0,0.0,,,,,,,,,,0.0,1.0,,,,,,,,2025-11-09T16:06:48,2.3.6,,1.063031444575135,,0.4415299564793231,,,,,,5174.0,0.7346,,,0.0,,,,,,,2.5,,,
,,,,,numeric_unified_profile,MonthlyCharges,,,,,,float64,,,,,,,,1.0,,,,,,54.35,,,,,-1.2572596945495056,,-46.02499999999999,ok,,118.75,1000.0,,,,,,64.76169246059918,70.35,,18.25,0.0,,,,,0.0,,,,,,1585.0,,,,,0.0,,7043.0,,,0.0,0.0,0.0,,7043.0,,,,,,,,,0.0,,,,0.0,,0.0,,,0.0,0.0,,,,,,,,,,35.5,89.85,,,,,,,,2025-11-09T16:06:48,2.3.6,,-0.2205244339439803,,30.08791085493697,,,,,,61.0,0.0087,,,20.05,,,,,,,171.375,,,
,,,,,numeric_unified_profile,SeniorCitizen,,,,,,int64,,,,,,,,0.0,,,,,,0.0,,,,,1.3625958957939108,,0.0,ok,,1.0,,,,,,,0.1621468124378816,0.0,,0.0,,,,,,0.0,,,,,,2.0,,,,,0.0,,7043.0,,,0.0,0.0,0.0,,7043.0,,,,,,,,,0.0,,,,0.0,,0.0,,,0.0,0.0,,,,,,,,,,0.0,0.0,,,,,,,,2025-11-09T16:06:48,2.3.6,,1.8336327440928564,,0.3685854360309371,,,,,,5901.0,0.8379,,,0.0,,,,,,,0.0,,,
,,,,,numeric_unified_profile,TotalCharges,,,,,,float64,,,,,,,,1.0,,,,,,3393.2875000000004,,,,,-0.2317987608693794,,-4688.481250000001,ok,,8684.8,100000.0,,,,,,2283.300440841866,1397.475,,18.8,0.0,,,,,0.0,,,,,,6531.0,,,,,11.0,,7032.0,,,0.0,0.0,0.0,,7043.0,,,,,,,,,0.0,,,,0.0,,0.1562,,,0.0,0.0,,,,,,,,,,401.45,3794.7375,,,,,,,,2025-11-09T16:06:48,2.3.6,,0.9616424997242504,,2266.610180714535,,,,,,11.0,0.0016,,,20.2,,,,,,,8884.66875,,,
,,,,,numeric_unified_profile,tenure,,,,,,int64,,,,,,,,1.0,,,,,,46.0,,,,,-1.387371635971685,,-60.0,ok,,72.0,120.0,,,,,,32.37114865824223,29.0,,0.0,0.0,,,,,0.0,,,,,,73.0,,,,,0.0,,7043.0,,,0.0,0.0,0.0,,7043.0,,,,,,,,,0.0,,,,0.0,,0.0,,,0.0,0.0,,,,,,,,,,9.0,55.0,,,,,,,,2025-11-09T16:06:48,2.3.6,,0.2395397495619829,,24.55773742286344,,,,,,613.0,0.087,,,1.0,,,,,,,124.0,,,
,,,,,numeric_unified_profile,Churn_flag,,,,,,Int8,,,,,,,,0.0,,,,,,1.0,,,,,-0.8702113423319808,,-1.5,ok,,1.0,,,,,,,0.2653698707936959,0.0,,0.0,,,,,,0.0,,,,,,2.0,,,,,0.0,,7043.0,,,0.0,0.0,0.0,,7043.0,,,,,,,,,0.0,,,,0.0,,0.0,,,0.0,0.0,0.0,,,,,,,,,0.0,1.0,,,,,,,,2025-11-09T17:00:09,2.3.6,,1.063031444575135,,0.4415299564793231,,,,,,5174.0,0.7346,,,0.0,,,,,,,2.5,,,
,,,,,numeric_unified_profile,MonthlyCharges,,,,,,float64,,,,,,,,1.0,,,,,,54.35,,,,,-1.2572596945495056,,-46.02499999999999,ok,,118.75,1000.0,,,,,,64.76169246059918,70.35,,18.25,0.0,,,,,0.0,,,,,,1585.0,,,,,0.0,,7043.0,,,0.0,0.0,0.0,,7043.0,,,,,,,,,0.0,,,,0.0,,0.0,,,0.0,0.0,0.0,,,,,,,,,35.5,89.85,,,,,,,,2025-11-09T17:00:09,2.3.6,,-0.2205244339439803,,30.08791085493697,,,,,,61.0,0.0087,,,20.05,,,,,,,171.375,,,
,,,,,numeric_unified_profile,SeniorCitizen,,,,,,int64,,,,,,,,0.0,,,,,,0.0,,,,,1.3625958957939108,,0.0,ok,,1.0,,,,,,,0.1621468124378816,0.0,,0.0,,,,,,0.0,,,,,,2.0,,,,,0.0,,7043.0,,,0.0,0.0,0.0,,7043.0,,,,,,,,,0.0,,,,0.0,,0.0,,,0.0,0.0,0.0,,,,,,,,,0.0,0.0,,,,,,,,2025-11-09T17:00:09,2.3.6,,1.8336327440928564,,0.3685854360309371,,,,,,5901.0,0.8379,,,0.0,,,,,,,0.0,,,
,,,,,numeric_unified_profile,TotalCharges,,,,,,float64,,,,,,,,1.0,,,,,,3393.2875000000004,,,,,-0.2317987608693794,,-4688.481250000001,ok,,8684.8,100000.0,,,,,,2283.300440841866,1397.475,,18.8,0.0,,,,,0.0,,,,,,6531.0,,,,,11.0,,7032.0,,,0.0,0.0,0.0,,7043.0,,,,,,,,,0.0,,,,0.0,,0.1562,,,0.0,0.0,0.0,,,,,,,,,401.45,3794.7375,,,,,,,,2025-11-09T17:00:09,2.3.6,,0.9616424997242504,,2266.610180714535,,,,,,11.0,0.0016,,,20.2,,,,,,,8884.66875,,,
,,,,,numeric_unified_profile,tenure,,,,,,int64,,,,,,,,1.0,,,,,,46.0,,,,,-1.387371635971685,,-60.0,ok,,72.0,120.0,,,,,,32.37114865824223,29.0,,0.0,0.0,,,,,0.0,,,,,,73.0,,,,,0.0,,7043.0,,,0.0,0.0,0.0,,7043.0,,,,,,,,,0.0,,,,0.0,,0.0,,,0.0,0.0,0.0,,,,,,,,,9.0,55.0,,,,,,,,2025-11-09T17:00:09,2.3.6,,0.2395397495619829,,24.55773742286344,,,,,,613.0,0.087,,,1.0,,,,,,,124.0,,,
,,,,,numeric_unified_profile,Churn_flag,,,,,,Int8,,,,,,,,0.0,,,,,,1.0,,,,,-0.8702113423319808,,-1.5,ok,,1.0,,,,,,,0.2653698707936959,0.0,,0.0,,,,,,0.0,,,,,,2.0,,,,,0.0,,7043.0,,,0.0,0.0,0.0,,7043.0,,,,,,,,,0.0,,,,0.0,,0.0,,,0.0,0.0,0.0,,,,,,,,,0.0,1.0,,,,,,,,2025-11-09T17:10:10,2.3.6,,1.063031444575135,,0.4415299564793231,,,,,,5174.0,0.7346,,,0.0,,,,,,,2.5,,,
,,,,,numeric_unified_profile,MonthlyCharges,,,,,,float64,,,,,,,,1.0,,,,,,54.35,,,,,-1.2572596945495056,,-46.02499999999999,ok,,118.75,1000.0,,,,,,64.76169246059918,70.35,,18.25,0.0,,,,,0.0,,,,,,1585.0,,,,,0.0,,7043.0,,,0.0,0.0,0.0,,7043.0,,,,,,,,,0.0,,,,0.0,,0.0,,,0.0,0.0,0.0,,,,,,,,,35.5,89.85,,,,,,,,2025-11-09T17:10:10,2.3.6,,-0.2205244339439803,,30.08791085493697,,,,,,61.0,0.0087,,,20.05,,,,,,,171.375,,,
,,,,,numeric_unified_profile,SeniorCitizen,,,,,,int64,,,,,,,,0.0,,,,,,0.0,,,,,1.3625958957939108,,0.0,ok,,1.0,,,,,,,0.1621468124378816,0.0,,0.0,,,,,,0.0,,,,,,2.0,,,,,0.0,,7043.0,,,0.0,0.0,0.0,,7043.0,,,,,,,,,0.0,,,,0.0,,0.0,,,0.0,0.0,0.0,,,,,,,,,0.0,0.0,,,,,,,,2025-11-09T17:10:10,2.3.6,,1.8336327440928564,,0.3685854360309371,,,,,,5901.0,0.8379,,,0.0,,,,,,,0.0,,,
,,,,,numeric_unified_profile,TotalCharges,,,,,,float64,,,,,,,,1.0,,,,,,3393.2875000000004,,,,,-0.2317987608693794,,-4688.481250000001,ok,,8684.8,100000.0,,,,,,2283.300440841866,1397.475,,18.8,0.0,,,,,0.0,,,,,,6531.0,,,,,11.0,,7032.0,,,0.0,0.0,0.0,,7043.0,,,,,,,,,0.0,,,,0.0,,0.1562,,,0.0,0.0,0.0,,,,,,,,,401.45,3794.7375,,,,,,,,2025-11-09T17:10:10,2.3.6,,0.9616424997242504,,2266.610180714535,,,,,,11.0,0.0016,,,20.2,,,,,,,8884.66875,,,
,,,,,numeric_unified_profile,tenure,,,,,,int64,,,,,,,,1.0,,,,,,46.0,,,,,-1.387371635971685,,-60.0,ok,,72.0,120.0,,,,,,32.37114865824223,29.0,,0.0,0.0,,,,,0.0,,,,,,73.0,,,,,0.0,,7043.0,,,0.0,0.0,0.0,,7043.0,,,,,,,,,0.0,,,,0.0,,0.0,,,0.0,0.0,0.0,,,,,,,,,9.0,55.0,,,,,,,,2025-11-09T17:10:10,2.3.6,,0.2395397495619829,,24.55773742286344,,,,,,613.0,0.087,,,1.0,,,,,,,124.0,,,
,,,,,numeric_unified_profile,Churn_flag,,1.6638,,,ok,Int8,,0.8347419473972113,,,,,,0.0,,,,,,1.0,,,,,-0.8702113423319808,,-1.5,ok,0.0,1.0,,,,,,,0.2653698707936959,0.0,,0.0,,,,,,0.0,0.0,,,,,2.0,,,,,0.0,,7043.0,,,0.0,0.0,0.0,,7043.0,,,,,,,,,0.0,,,,0.0,,0.0,0.0,,0.0,0.0,0.0,,,,,,,,73.463,0.0,1.0,,,,,,,,2025-11-09T18:29:41,2.3.6,ok,1.063031444575135,,0.4415299564793231,,,,,,5174.0,0.7346,,,0.0,,,,,,,2.5,,,
,,,,,numeric_unified_profile,MonthlyCharges,,0.4646,,,ok,float64,,10.039368271845444,,,,,,1.0,,,,,,54.35,,,,,-1.2572596945495056,,-46.02499999999999,ok,24.05,118.75,1000.0,,,,,,64.76169246059918,70.35,,18.25,0.0,,,,,0.0,0.0,,,,,1585.0,,,,,0.0,,7043.0,,,0.0,0.0,0.0,,7043.0,,,,,,,,,0.0,,,,0.0,,0.0,0.0,,0.0,0.0,0.0,,,,,,,,0.0,35.5,89.85,,,,,,,,2025-11-09T18:29:41,2.3.6,ok,-0.2205244339439803,,30.08791085493697,,,,,,61.0,0.0087,,,20.05,,,,,,,171.375,,,
,,,,,numeric_unified_profile,SeniorCitizen,,2.2732,,,ok,int64,,0.6394207641484585,,,,,,0.0,,,,,,0.0,,,,,1.3625958957939108,,0.0,ok,0.0,1.0,,,,,,,0.1621468124378816,0.0,,0.0,,,,,,0.0,0.0,,,,,2.0,,,,,0.0,,7043.0,,,0.0,0.0,0.0,,7043.0,,,,,,,,,0.0,,,,0.0,,0.0,0.0,,0.0,0.0,0.0,,,,,,,,83.7853,0.0,0.0,,,,,,,,2025-11-09T18:29:41,2.3.6,ok,1.8336327440928564,,0.3685854360309371,,,,,,5901.0,0.8379,,,0.0,,,,,,,0.0,,,
,,,,,numeric_unified_profile,TotalCharges,,0.9927,,,ok,float64,,12.612577727899447,,,,,,1.0,,,,,,3393.2875000000004,,,,,-0.2317987608693794,,-4688.481250000001,ok,1222.8,8684.8,100000.0,,,,,,2283.300440841866,1397.475,,18.8,0.0,,,,,0.0,0.0,,,,,6531.0,,,,,11.0,,7032.0,,,0.0,0.0,0.0,,7043.0,,,,,,,,,0.0,,,,0.0,,0.1562,0.0,,0.0,0.0,0.0,,,,,,,,0.0,401.45,3794.7375,,,,,,,,2025-11-09T18:29:41,2.3.6,ok,0.9616424997242504,,2266.610180714535,,,,,,11.0,0.0016,,,20.2,,,,,,,8884.66875,,,
,,,,,numeric_unified_profile,tenure,,0.7586,,,ok,int64,,5.921832558969761,,,,,,1.0,,,,,,46.0,,,,,-1.387371635971685,,-60.0,ok,22.0,72.0,120.0,,,,,,32.37114865824223,29.0,,0.0,0.0,,,,,0.0,0.0,,,,,73.0,,,,,0.0,,7043.0,,,0.0,0.0,0.0,,7043.0,,,,,,,,,0.0,,,,0.0,,0.0,0.0,,0.0,0.0,0.0,,,,,,,,0.1562,9.0,55.0,,,,,,,,2025-11-09T18:29:41,2.3.6,ok,0.2395397495619829,,24.55773742286344,,,,,,613.0,0.087,,,1.0,,,,,,,124.0,,,
,,,,,numeric_unified_profile,Churn_flag,,1.6638,,,ok,Int8,,0.8347419473972113,,,,,,0.0,,,,,,1.0,,,,,-0.8702113423319808,,-1.5,ok,0.0,1.0,,,,,,,0.2653698707936959,0.0,,0.0,,,,,,0.0,0.0,,,,,2.0,,,,,0.0,,7043.0,,,0.0,0.0,0.0,,7043.0,,,,,,,,,0.0,,,,0.0,,0.0,0.0,,0.0,0.0,0.0,,,,,,,,73.463,0.0,1.0,,,,,,,,2025-11-09T18:32:08,2.3.6,ok,1.063031444575135,,0.4415299564793231,,,,,,5174.0,0.7346,,,0.0,,,,,,,2.5,,,
,,,,,numeric_unified_profile,MonthlyCharges,,0.4646,,,ok,float64,,10.039368271845444,,,,,,1.0,,,,,,54.35,,,,,-1.2572596945495056,,-46.02499999999999,ok,24.05,118.75,1000.0,,,,,,64.76169246059918,70.35,,18.25,0.0,,,,,0.0,0.0,,,,,1585.0,,,,,0.0,,7043.0,,,0.0,0.0,0.0,,7043.0,,,,,,,,,0.0,,,,0.0,,0.0,0.0,,0.0,0.0,0.0,,,,,,,,0.0,35.5,89.85,,,,,,,,2025-11-09T18:32:08,2.3.6,ok,-0.2205244339439803,,30.08791085493697,,,,,,61.0,0.0087,,,20.05,,,,,,,171.375,,,
,,,,,numeric_unified_profile,SeniorCitizen,,2.2732,,,ok,int64,,0.6394207641484585,,,,,,0.0,,,,,,0.0,,,,,1.3625958957939108,,0.0,ok,0.0,1.0,,,,,,,0.1621468124378816,0.0,,0.0,,,,,,0.0,0.0,,,,,2.0,,,,,0.0,,7043.0,,,0.0,0.0,0.0,,7043.0,,,,,,,,,0.0,,,,0.0,,0.0,0.0,,0.0,0.0,0.0,,,,,,,,83.7853,0.0,0.0,,,,,,,,2025-11-09T18:32:08,2.3.6,ok,1.8336327440928564,,0.3685854360309371,,,,,,5901.0,0.8379,,,0.0,,,,,,,0.0,,,
,,,,,numeric_unified_profile,TotalCharges,,0.9927,,,ok,float64,,12.612577727899447,,,,,,1.0,,,,,,3393.2875000000004,,,,,-0.2317987608693794,,-4688.481250000001,ok,1222.8,8684.8,100000.0,,,,,,2283.300440841866,1397.475,,18.8,0.0,,,,,0.0,0.0,,,,,6531.0,,,,,11.0,,7032.0,,,0.0,0.0,0.0,,7043.0,,,,,,,,,0.0,,,,0.0,,0.1562,0.0,,0.0,0.0,0.0,,,,,,,,0.0,401.45,3794.7375,,,,,,,,2025-11-09T18:32:08,2.3.6,ok,0.9616424997242504,,2266.610180714535,,,,,,11.0,0.0016,,,20.2,,,,,,,8884.66875,,,
,,,,,numeric_unified_profile,tenure,,0.7586,,,ok,int64,,5.921832558969761,,,,,,1.0,,,,,,46.0,,,,,-1.387371635971685,,-60.0,ok,22.0,72.0,120.0,,,,,,32.37114865824223,29.0,,0.0,0.0,,,,,0.0,0.0,,,,,73.0,,,,,0.0,,7043.0,,,0.0,0.0,0.0,,7043.0,,,,,,,,,0.0,,,,0.0,,0.0,0.0,,0.0,0.0,0.0,,,,,,,,0.1562,9.0,55.0,,,,,,,,2025-11-09T18:32:08,2.3.6,ok,0.2395397495619829,,24.55773742286344,,,,,,613.0,0.087,,,1.0,,,,,,,124.0,,,
,,,,,numeric_unified_profile,Churn_flag,,1.6638,,,ok,Int8,,0.8347419473972113,,,,,,0.0,,,,,,1.0,,,,,-0.8702113423319808,,-1.5,ok,0.0,1.0,,,,,,,0.2653698707936959,0.0,,0.0,,,,,,0.0,0.0,,,,,2.0,,,,,0.0,,7043.0,,,0.0,0.0,0.0,,7043.0,,,,,,,,,0.0,,,,0.0,,0.0,0.0,,0.0,0.0,0.0,,,,,,,,73.463,0.0,1.0,,,,1.0,,,,2025-11-09T18:40:29,2.3.6,ok,1.063031444575135,,0.4415299564793231,,,,,,5174.0,0.7346,,,0.0,,,,,,,2.5,,,1.6638
,,,,,numeric_unified_profile,MonthlyCharges,,0.4646,,,ok,float64,,10.039368271845444,,,,,,1.0,,,,,,54.35,,,,,-1.2572596945495056,,-46.02499999999999,ok,24.05,118.75,1000.0,,,,,,64.76169246059918,70.35,,18.25,0.0,,,,,0.0,0.0,,,,,1585.0,,,,,0.0,,7043.0,,,0.0,0.0,0.0,,7043.0,,,,,,,,,0.0,,,,0.0,,0.0,0.0,,0.0,0.0,0.0,,,,,,,,0.0,35.5,89.85,,,,1.8491,,,,2025-11-09T18:40:29,2.3.6,ok,-0.2205244339439803,,30.08791085493697,,,,,,61.0,0.0087,,,20.05,,,,,,,171.375,,,1.7944
,,,,,numeric_unified_profile,SeniorCitizen,,2.2732,,,ok,int64,,0.6394207641484585,,,,,,0.0,,,,,,0.0,,,,,1.3625958957939108,,0.0,ok,0.0,1.0,,,,,,,0.1621468124378816,0.0,,0.0,,,,,,0.0,0.0,,,,,2.0,,,,,0.0,,7043.0,,,0.0,0.0,0.0,,7043.0,,,,,,,,,0.0,,,,0.0,,0.0,0.0,,0.0,0.0,0.0,,,,,,,,83.7853,0.0,0.0,,,,,,,,2025-11-09T18:40:29,2.3.6,ok,1.8336327440928564,,0.3685854360309371,,,,,,5901.0,0.8379,,,0.0,,,,,,,0.0,,,2.2732
,,,,,numeric_unified_profile,TotalCharges,,0.9927,,,ok,float64,,12.612577727899447,,,,,,1.0,,,,,,3393.2875000000004,,,,,-0.2317987608693794,,-4688.481250000001,ok,1222.8,8684.8,100000.0,,,,,,2283.300440841866,1397.475,,18.8,0.0,,,,,0.0,0.0,,,,,6531.0,,,,,11.0,,7032.0,,,0.0,0.0,0.0,,7043.0,,,,,,,,,0.0,,,,0.0,,0.1562,0.0,,0.0,0.0,0.0,,,,,,,,0.0,401.45,3794.7375,,,,2.5539,,,,2025-11-09T18:40:29,2.3.6,ok,0.9616424997242504,,2266.610180714535,,,,,,11.0,0.0016,,,20.2,,,,,,,8884.66875,,,2.8243
,,,,,numeric_unified_profile,tenure,,0.7586,,,ok,int64,,5.921832558969761,,,,,,1.0,,,,,,46.0,,,,,-1.387371635971685,,-60.0,ok,22.0,72.0,120.0,,,,,,32.37114865824223,29.0,,0.0,0.0,,,,,0.0,0.0,,,,,73.0,,,,,0.0,,7043.0,,,0.0,0.0,0.0,,7043.0,,,,,,,,,0.0,,,,0.0,,0.0,0.0,,0.0,0.0,0.0,,,,,,,,0.1562,9.0,55.0,,,,1.5652,,,,2025-11-09T18:40:29,2.3.6,ok,0.2395397495619829,,24.55773742286344,,,,,,613.0,0.087,,,1.0,,,,,,,124.0,,,1.6137
,,,,,numeric_unified_profile,Churn_flag,,1.6638,,,ok,Int8,,0.8347419473972113,,,,,,0.0,,,,,,1.0,,,,,-0.8702113423319808,,-1.5,ok,0.0,1.0,,,,,,,0.2653698707936959,0.0,,0.0,,,,,,0.0,0.0,,,,,2.0,,,,,0.0,,7043.0,,,0.0,0.0,0.0,,7043.0,,,,,,,,,0.0,,,,0.0,,0.0,0.0,,0.0,0.0,0.0,,,,,,,,73.463,0.0,1.0,,,,1.0,,,,2025-11-09T18:46:42,2.3.6,ok,1.063031444575135,,0.4415299564793231,,,,,,5174.0,0.7346,,,0.0,,,,,,,2.5,,,1.6638
,,,,,numeric_unified_profile,MonthlyCharges,,0.4646,,,ok,float64,,10.039368271845444,,,,,,1.0,,,,,,54.35,,,,,-1.2572596945495056,,-46.02499999999999,ok,24.05,118.75,1000.0,,,,,,64.76169246059918,70.35,,18.25,0.0,,,,,0.0,0.0,,,,,1585.0,,,,,0.0,,7043.0,,,0.0,0.0,0.0,,7043.0,,,,,,,,,0.0,,,,0.0,,0.0,0.0,,0.0,0.0,0.0,,,,,,,,0.0,35.5,89.85,,,,1.8491,,,,2025-11-09T18:46:42,2.3.6,ok,-0.2205244339439803,,30.08791085493697,,,,,,61.0,0.0087,,,20.05,,,,,,,171.375,,,1.7944
,,,,,numeric_unified_profile,SeniorCitizen,,2.2732,,,ok,int64,,0.6394207641484585,,,,,,0.0,,,,,,0.0,,,,,1.3625958957939108,,0.0,ok,0.0,1.0,,,,,,,0.1621468124378816,0.0,,0.0,,,,,,0.0,0.0,,,,,2.0,,,,,0.0,,7043.0,,,0.0,0.0,0.0,,7043.0,,,,,,,,,0.0,,,,0.0,,0.0,0.0,,0.0,0.0,0.0,,,,,,,,83.7853,0.0,0.0,,,,,,,,2025-11-09T18:46:42,2.3.6,ok,1.8336327440928564,,0.3685854360309371,,,,,,5901.0,0.8379,,,0.0,,,,,,,0.0,,,2.2732
,,,,,numeric_unified_profile,TotalCharges,,0.9927,,,ok,float64,,12.612577727899447,,,,,,1.0,,,,,,3393.2875000000004,,,,,-0.2317987608693794,,-4688.481250000001,ok,1222.8,8684.8,100000.0,,,,,,2283.300440841866,1397.475,,18.8,0.0,,,,,0.0,0.0,,,,,6531.0,,,,,11.0,,7032.0,,,0.0,0.0,0.0,,7043.0,,,,,,,,,0.0,,,,0.0,,0.1562,0.0,,0.0,0.0,0.0,,,,,,,,0.0,401.45,3794.7375,,,,2.5539,,,,2025-11-09T18:46:42,2.3.6,ok,0.9616424997242504,,2266.610180714535,,,,,,11.0,0.0016,,,20.2,,,,,,,8884.66875,,,2.8243
,,,,,numeric_unified_profile,tenure,,0.7586,,,ok,int64,,5.921832558969761,,,,,,1.0,,,,,,46.0,,,,,-1.387371635971685,,-60.0,ok,22.0,72.0,120.0,,,,,,32.37114865824223,29.0,,0.0,0.0,,,,,0.0,0.0,,,,,73.0,,,,,0.0,,7043.0,,,0.0,0.0,0.0,,7043.0,,,,,,,,,0.0,,,,0.0,,0.0,0.0,,0.0,0.0,0.0,,,,,,,,0.1562,9.0,55.0,,,,1.5652,,,,2025-11-09T18:46:42,2.3.6,ok,0.2395397495619829,,24.55773742286344,,,,,,613.0,0.087,,,1.0,,,,,,,124.0,,,1.6137
,,,,,numeric_unified_profile,Churn_flag,,1.6638,,,ok,Int8,,0.8347419473972113,,,,,,0.0,,,,,,1.0,,,,,-0.8702113423319808,,-1.5,ok,0.0,1.0,,,,,,,0.2653698707936959,0.0,,0.0,,,,,,0.0,0.0,,,,,2.0,,,,,0.0,,7043.0,,,0.0,0.0,0.0,,7043.0,,,,,,,,,0.0,,,,0.0,,0.0,0.0,,0.0,0.0,0.0,,,,,,,,73.463,0.0,1.0,,,,1.0,,,,2025-11-09T18:52:44,2.3.6,ok,1.063031444575135,,0.4415299564793231,,,,,,5174.0,0.7346,,,0.0,,,,,,,2.5,,,1.6638
,,,,,numeric_unified_profile,MonthlyCharges,,0.4646,,,ok,float64,,10.039368271845444,,,,,,1.0,,,,,,54.35,,,,,-1.2572596945495056,,-46.02499999999999,ok,24.05,118.75,1000.0,,,,,,64.76169246059918,70.35,,18.25,0.0,,,,,0.0,0.0,,,,,1585.0,,,,,0.0,,7043.0,,,0.0,0.0,0.0,,7043.0,,,,,,,,,0.0,,,,0.0,,0.0,0.0,,0.0,0.0,0.0,,,,,,,,0.0,35.5,89.85,,,,1.8491,,,,2025-11-09T18:52:44,2.3.6,ok,-0.2205244339439803,,30.08791085493697,,,,,,61.0,0.0087,,,20.05,,,,,,,171.375,,,1.7944
,,,,,numeric_unified_profile,SeniorCitizen,,2.2732,,,ok,int64,,0.6394207641484585,,,,,,0.0,,,,,,0.0,,,,,1.3625958957939108,,0.0,ok,0.0,1.0,,,,,,,0.1621468124378816,0.0,,0.0,,,,,,0.0,0.0,,,,,2.0,,,,,0.0,,7043.0,,,0.0,0.0,0.0,,7043.0,,,,,,,,,0.0,,,,0.0,,0.0,0.0,,0.0,0.0,0.0,,,,,,,,83.7853,0.0,0.0,,,,,,,,2025-11-09T18:52:44,2.3.6,ok,1.8336327440928564,,0.3685854360309371,,,,,,5901.0,0.8379,,,0.0,,,,,,,0.0,,,2.2732
,,,,,numeric_unified_profile,TotalCharges,,0.9927,,,ok,float64,,12.612577727899447,,,,,,1.0,,,,,,3393.2875000000004,,,,,-0.2317987608693794,,-4688.481250000001,ok,1222.8,8684.8,100000.0,,,,,,2283.300440841866,1397.475,,18.8,0.0,,,,,0.0,0.0,,,,,6531.0,,,,,11.0,,7032.0,,,0.0,0.0,0.0,,7043.0,,,,,,,,,0.0,,,,0.0,,0.1562,0.0,,0.0,0.0,0.0,,,,,,,,0.0,401.45,3794.7375,,,,2.5539,,,,2025-11-09T18:52:44,2.3.6,ok,0.9616424997242504,,2266.610180714535,,,,,,11.0,0.0016,,,20.2,,,,,,,8884.66875,,,2.8243
,,,,,numeric_unified_profile,tenure,,0.7586,,,ok,int64,,5.921832558969761,,,,,,1.0,,,,,,46.0,,,,,-1.387371635971685,,-60.0,ok,22.0,72.0,120.0,,,,,,32.37114865824223,29.0,,0.0,0.0,,,,,0.0,0.0,,,,,73.0,,,,,0.0,,7043.0,,,0.0,0.0,0.0,,7043.0,,,,,,,,,0.0,,,,0.0,,0.0,0.0,,0.0,0.0,0.0,,,,,,,,0.1562,9.0,55.0,,,,1.5652,,,,2025-11-09T18:52:44,2.3.6,ok,0.2395397495619829,,24.55773742286344,,,,,,613.0,0.087,,,1.0,,,,,,,124.0,,,1.6137
,,,,,numeric_unified_profile,Churn_flag,,1.6638,,,ok,Int8,,0.8347419473972113,,,,,,0.0,,,,,,1.0,,,,,-0.8702113423319808,,-1.5,ok,0.0,1.0,,,,,,,0.2653698707936959,0.0,,0.0,,,,,,0.0,0.0,,,,,2.0,,,,,0.0,,7043.0,,,0.0,0.0,0.0,,7043.0,,,,,,,,,0.0,,,,0.0,,0.0,0.0,,0.0,0.0,0.0,,,,,,,,73.463,0.0,1.0,,,,1.0,,,,2025-11-09T18:55:11,2.3.6,ok,1.063031444575135,,0.4415299564793231,,,,,,5174.0,0.7346,,,0.0,,,,,,,2.5,,,1.6638
,,,,,numeric_unified_profile,MonthlyCharges,,0.4646,,,ok,float64,,10.039368271845444,,,,,,1.0,,,,,,54.35,,,,,-1.2572596945495056,,-46.02499999999999,ok,24.05,118.75,1000.0,,,,,,64.76169246059918,70.35,,18.25,0.0,,,,,0.0,0.0,,,,,1585.0,,,,,0.0,,7043.0,,,0.0,0.0,0.0,,7043.0,,,,,,,,,0.0,,,,0.0,,0.0,0.0,,0.0,0.0,0.0,,,,,,,,0.0,35.5,89.85,,,,1.8491,,,,2025-11-09T18:55:11,2.3.6,ok,-0.2205244339439803,,30.08791085493697,,,,,,61.0,0.0087,,,20.05,,,,,,,171.375,,,1.7944
,,,,,numeric_unified_profile,SeniorCitizen,,2.2732,,,ok,int64,,0.6394207641484585,,,,,,0.0,,,,,,0.0,,,,,1.3625958957939108,,0.0,ok,0.0,1.0,,,,,,,0.1621468124378816,0.0,,0.0,,,,,,0.0,0.0,,,,,2.0,,,,,0.0,,7043.0,,,0.0,0.0,0.0,,7043.0,,,,,,,,,0.0,,,,0.0,,0.0,0.0,,0.0,0.0,0.0,,,,,,,,83.7853,0.0,0.0,,,,,,,,2025-11-09T18:55:11,2.3.6,ok,1.8336327440928564,,0.3685854360309371,,,,,,5901.0,0.8379,,,0.0,,,,,,,0.0,,,2.2732
,,,,,numeric_unified_profile,TotalCharges,,0.9927,,,ok,float64,,12.612577727899447,,,,,,1.0,,,,,,3393.2875000000004,,,,,-0.2317987608693794,,-4688.481250000001,ok,1222.8,8684.8,100000.0,,,,,,2283.300440841866,1397.475,,18.8,0.0,,,,,0.0,0.0,,,,,6531.0,,,,,11.0,,7032.0,,,0.0,0.0,0.0,,7043.0,,,,,,,,,0.0,,,,0.0,,0.1562,0.0,,0.0,0.0,0.0,,,,,,,,0.0,401.45,3794.7375,,,,2.5539,,,,2025-11-09T18:55:11,2.3.6,ok,0.9616424997242504,,2266.610180714535,,,,,,11.0,0.0016,,,20.2,,,,,,,8884.66875,,,2.8243
,,,,,numeric_unified_profile,tenure,,0.7586,,,ok,int64,,5.921832558969761,,,,,,1.0,,,,,,46.0,,,,,-1.387371635971685,,-60.0,ok,22.0,72.0,120.0,,,,,,32.37114865824223,29.0,,0.0,0.0,,,,,0.0,0.0,,,,,73.0,,,,,0.0,,7043.0,,,0.0,0.0,0.0,,7043.0,,,,,,,,,0.0,,,,0.0,,0.0,0.0,,0.0,0.0,0.0,,,,,,,,0.1562,9.0,55.0,,,,1.5652,,,,2025-11-09T18:55:11,2.3.6,ok,0.2395397495619829,,24.55773742286344,,,,,,613.0,0.087,,,1.0,,,,,,,124.0,,,1.6137
,,,,,numeric_unified_profile,Churn_flag,,1.6638,,,ok,Int8,,0.8347419473972113,,,,,,0.0,,,,,,1.0,,,,,-0.8702113423319808,,-1.5,ok,0.0,1.0,,,,,,,0.2653698707936959,0.0,,0.0,,,,,,0.0,0.0,,,,,2.0,,,,,0.0,,7043.0,,,0.0,0.0,0.0,,7043.0,,,,,,,,,0.0,,,,0.0,,0.0,0.0,,0.0,0.0,0.0,,,,,,,,73.463,0.0,1.0,,,,1.0,,,,2025-11-09T18:56:18,2.3.6,ok,1.063031444575135,,0.4415299564793231,,,,,,5174.0,0.7346,,,0.0,,,,,,,2.5,,,1.6638
,,,,,numeric_unified_profile,MonthlyCharges,,0.4646,,,ok,float64,,10.039368271845444,,,,,,1.0,,,,,,54.35,,,,,-1.2572596945495056,,-46.02499999999999,ok,24.05,118.75,1000.0,,,,,,64.76169246059918,70.35,,18.25,0.0,,,,,0.0,0.0,,,,,1585.0,,,,,0.0,,7043.0,,,0.0,0.0,0.0,,7043.0,,,,,,,,,0.0,,,,0.0,,0.0,0.0,,0.0,0.0,0.0,,,,,,,,0.0,35.5,89.85,,,,1.8491,,,,2025-11-09T18:56:18,2.3.6,ok,-0.2205244339439803,,30.08791085493697,,,,,,61.0,0.0087,,,20.05,,,,,,,171.375,,,1.7944
,,,,,numeric_unified_profile,SeniorCitizen,,2.2732,,,ok,int64,,0.6394207641484585,,,,,,0.0,,,,,,0.0,,,,,1.3625958957939108,,0.0,ok,0.0,1.0,,,,,,,0.1621468124378816,0.0,,0.0,,,,,,0.0,0.0,,,,,2.0,,,,,0.0,,7043.0,,,0.0,0.0,0.0,,7043.0,,,,,,,,,0.0,,,,0.0,,0.0,0.0,,0.0,0.0,0.0,,,,,,,,83.7853,0.0,0.0,,,,,,,,2025-11-09T18:56:18,2.3.6,ok,1.8336327440928564,,0.3685854360309371,,,,,,5901.0,0.8379,,,0.0,,,,,,,0.0,,,2.2732
,,,,,numeric_unified_profile,TotalCharges,,0.9927,,,ok,float64,,12.612577727899447,,,,,,1.0,,,,,,3393.2875000000004,,,,,-0.2317987608693794,,-4688.481250000001,ok,1222.8,8684.8,100000.0,,,,,,2283.300440841866,1397.475,,18.8,0.0,,,,,0.0,0.0,,,,,6531.0,,,,,11.0,,7032.0,,,0.0,0.0,0.0,,7043.0,,,,,,,,,0.0,,,,0.0,,0.1562,0.0,,0.0,0.0,0.0,,,,,,,,0.0,401.45,3794.7375,,,,2.5539,,,,2025-11-09T18:56:18,2.3.6,ok,0.9616424997242504,,2266.610180714535,,,,,,11.0,0.0016,,,20.2,,,,,,,8884.66875,,,2.8243
,,,,,numeric_unified_profile,tenure,,0.7586,,,ok,int64,,5.921832558969761,,,,,,1.0,,,,,,46.0,,,,,-1.387371635971685,,-60.0,ok,22.0,72.0,120.0,,,,,,32.37114865824223,29.0,,0.0,0.0,,,,,0.0,0.0,,,,,73.0,,,,,0.0,,7043.0,,,0.0,0.0,0.0,,7043.0,,,,,,,,,0.0,,,,0.0,,0.0,0.0,,0.0,0.0,0.0,,,,,,,,0.1562,9.0,55.0,,,,1.5652,,,,2025-11-09T18:56:18,2.3.6,ok,0.2395397495619829,,24.55773742286344,,,,,,613.0,0.087,,,1.0,,,,,,,124.0,,,1.6137
,,,,,numeric_unified_profile,Churn_flag,,1.6638,,,ok,Int8,,0.8347419473972113,,,,,,0.0,,,,,,1.0,,,,,-0.8702113423319808,,-1.5,ok,0.0,1.0,,,,,,,0.2653698707936959,0.0,,0.0,,,,,,0.0,0.0,,,,,2.0,,,,,0.0,,7043.0,,,0.0,0.0,0.0,,7043.0,,,,,,,,,0.0,,,,0.0,,0.0,0.0,,0.0,0.0,0.0,,,,,,,,73.463,0.0,1.0,,,,1.0,,,,2025-11-09T18:57:34,2.3.6,ok,1.063031444575135,,0.4415299564793231,,,,,,5174.0,0.7346,,,0.0,,,,,,,2.5,,,1.6638
,,,,,numeric_unified_profile,MonthlyCharges,,0.4646,,,ok,float64,,10.039368271845444,,,,,,1.0,,,,,,54.35,,,,,-1.2572596945495056,,-46.02499999999999,ok,24.05,118.75,1000.0,,,,,,64.76169246059918,70.35,,18.25,0.0,,,,,0.0,0.0,,,,,1585.0,,,,,0.0,,7043.0,,,0.0,0.0,0.0,,7043.0,,,,,,,,,0.0,,,,0.0,,0.0,0.0,,0.0,0.0,0.0,,,,,,,,0.0,35.5,89.85,,,,1.8491,,,,2025-11-09T18:57:34,2.3.6,ok,-0.2205244339439803,,30.08791085493697,,,,,,61.0,0.0087,,,20.05,,,,,,,171.375,,,1.7944
,,,,,numeric_unified_profile,SeniorCitizen,,2.2732,,,ok,int64,,0.6394207641484585,,,,,,0.0,,,,,,0.0,,,,,1.3625958957939108,,0.0,ok,0.0,1.0,,,,,,,0.1621468124378816,0.0,,0.0,,,,,,0.0,0.0,,,,,2.0,,,,,0.0,,7043.0,,,0.0,0.0,0.0,,7043.0,,,,,,,,,0.0,,,,0.0,,0.0,0.0,,0.0,0.0,0.0,,,,,,,,83.7853,0.0,0.0,,,,,,,,2025-11-09T18:57:34,2.3.6,ok,1.8336327440928564,,0.3685854360309371,,,,,,5901.0,0.8379,,,0.0,,,,,,,0.0,,,2.2732
,,,,,numeric_unified_profile,TotalCharges,,0.9927,,,ok,float64,,12.612577727899447,,,,,,1.0,,,,,,3393.2875000000004,,,,,-0.2317987608693794,,-4688.481250000001,ok,1222.8,8684.8,100000.0,,,,,,2283.300440841866,1397.475,,18.8,0.0,,,,,0.0,0.0,,,,,6531.0,,,,,11.0,,7032.0,,,0.0,0.0,0.0,,7043.0,,,,,,,,,0.0,,,,0.0,,0.1562,0.0,,0.0,0.0,0.0,,,,,,,,0.0,401.45,3794.7375,,,,2.5539,,,,2025-11-09T18:57:34,2.3.6,ok,0.9616424997242504,,2266.610180714535,,,,,,11.0,0.0016,,,20.2,,,,,,,8884.66875,,,2.8243
,,,,,numeric_unified_profile,tenure,,0.7586,,,ok,int64,,5.921832558969761,,,,,,1.0,,,,,,46.0,,,,,-1.387371635971685,,-60.0,ok,22.0,72.0,120.0,,,,,,32.37114865824223,29.0,,0.0,0.0,,,,,0.0,0.0,,,,,73.0,,,,,0.0,,7043.0,,,0.0,0.0,0.0,,7043.0,,,,,,,,,0.0,,,,0.0,,0.0,0.0,,0.0,0.0,0.0,,,,,,,,0.1562,9.0,55.0,,,,1.5652,,,,2025-11-09T18:57:34,2.3.6,ok,0.2395397495619829,,24.55773742286344,,,,,,613.0,0.087,,,1.0,,,,,,,124.0,,,1.6137
,,,,,,,,,,,,,,,,,,,,,,,,,,,,,,,,,,,,,,,,,,,,,numeric_quality_index,,,,,,,,,,5.0,,,,,,,,,,,,,,,,,,,,,,,,,,,,,,,,,,,,,,,,,,,,,,,,100.0,99.982,99.91,,,,,2025-11-09T20:48:08,,,,,,,,,,,,,,,,,,,,,,,,,
,1.0,0.0,,,rule_confidence_scores,,,,,,,,,,,,,,,,,,,,,,,,,,,,,,,,,,,,,0.0,,,,,,,0.0,,,,,,,,4.0,,,,,,,,,,,,,,,,,,,,,,,,,,,,,,,,,,,,,,,,,,,,,,,,,,,,distribution_summary,2025-11-09T21:04:24,2.3.7.3,mild,,,,,,,,,,,,,,,,,,,,,,,
,0.8378531875621185,0.1621468124378816,,,rule_confidence_scores,,,,,,,,,,,,,,,,,,,,,,,,,,,,,,,,,,,,,0.1621468124378816,,,,,,,0.1621468124378816,,,,,,,,1.0,,,,,,,,,,,,,,,,,,,,,,,,,,,,,,,,,,,,,,,,,,,,,,,,,,,,outliers_IQR>1.5×,2025-11-09T21:04:24,2.3.7.3,severe,,,,,,,,,,,,,,,,,,,,,,,
,,,,,numeric_cost_profile_summary,,,,6.2358,,,,,,,,,,,,,,,,,,,,,,,,,,,,,0.0539,,,,,,,numeric_cost_profile,,,,,,,,,,,,,,,,,,,,,,5.0,,,,,,,,,,,,,,,,,,,,,,,,,,,,,,,,,,,,,,,,,,,2025-11-09T21:08:24,2.3.15,,,,,,,,,,,,,,,,,,,,,,,,
